Attributes	open	open	open	open	open	open	open	open	open	open	high	high	high	high	high	high	high	high	high	high	low	low	low	low	low	low	low	low	low	low	close	close	close	close	close	close	close	close	close	close	volume	volume	volume	volume	volume	volume	volume	volume	volume	volume
Symbols	MMM	AOS	ABT	ABBV	ACN	ATVI	AYI	ADBE	AAP	AMD	MMM	AOS	ABT	ABBV	ACN	ATVI	AYI	ADBE	AAP	AMD	MMM	AOS	ABT	ABBV	ACN	ATVI	AYI	ADBE	AAP	AMD	MMM	AOS	ABT	ABBV	ACN	ATVI	AYI	ADBE	AAP	AMD	MMM	AOS	ABT	ABBV	ACN	ATVI	AYI	ADBE	AAP	AMD
date																																																		
2018-11-05	193.5	48.25	70.48	79.45	157.63	68.0	130.31	240.0	165.24	20.12	194.56	48.25	71.0	83.83	158.96	68.3	132.17	241.0	166.11	20.18	192.21	47.06	69.99	79.27	156.73	64.0	129.27	233.62	163.29	18.88	193.25	47.5	70.39	82.58	158.6	64.34	130.43	239.89	165.11	19.9	2886526	2115862	8558663	10315683	1705213	16399233	378344	3224119	1250679	108016703
2018-11-06	193.27	47.34	70.33	82.73	158.96	64.32	129.89	240.48	166.56	19.5	195.5	47.99	71.0	84.23	159.97	65.98	134.27	244.64	168.79	21.65	193.0	47.06	70.22	82.31	158.7	63.67	129.89	237.76	165.69	19.48	195.3	47.54	70.96	83.66	159.42	64.25	132.66	240.56	168.09	20.68	1900381	1561240	3676427	7945508	1364695	9428712	369077	2446675	1085862	144995728
2018-11-07	197.19	48.0	71.69	84.15	160.0	65.26	134.62	244.8	169.21	21.42	201.4	48.11	72.61	87.22	163.99	66.6	134.68	253.96	170.56	22.22	195.41	46.2	71.58	84.14	159.99	64.99	127.91	243.81	167.08	21.07	201.29	47.7	72.5	86.96	163.87	65.09	129.37	253.43	170.51	21.84	2444705	2045962	6404540	10378363	2278443	12766259	647885	3790606	888661	121115776
2018-11-08	201.0	47.56	72.0	87.13	162.87	65.37	128.53	253.31	170.12	21.77	204.27	47.95	73.08	89.71	164.54	65.4	130.81	254.13	173.69	22.08	200.73	46.61	71.95	87.0	162.87	62.35	127.07	247.74	169.45	20.97	204.07	46.81	72.96	87.73	164.5	62.79	127.35	249.96	172.45	21.2	2534048	2022364	4676102	9333565	1294401	14529748	569294	2389273	1354222	92387565
2018-11-09	204.0	46.56	72.88	87.83	164.03	55.0	126.41	247.56	172.66	20.77	204.0	46.94	73.06	89.53	165.65	56.92	127.82	248.29	174.71	21.19	199.7	45.2	72.1	87.56	163.14	53.5	124.08	241.16	170.69	20.11	201.1	45.76	72.79	88.79	165.15	55.01	126.94	244.84	171.18	21.03	2429281	3173408	4247580	9169755	1882106	34543375	526189	2765862	1202305	85900699
2018-11-12	200.57	45.69	72.73	88.75	164.52	55.0	127.18	244.14	170.33	20.68	200.77	45.94	72.9	89.89	164.95	55.6	127.18	244.8	170.9	20.85	196.5	45.2	70.4	88.5	162.32	53.81	123.0	235.36	166.19	18.8	197.04	45.34	70.56	89.69	162.44	53.89	124.82	236.67	167.06	19.03	2770021	2496327	6272726	9344946	2263821	12803077	437742	3498270	1522512	95948176
2018-11-13	197.52	45.67	70.87	90.0	162.67	54.2	125.07	238.38	184.07	19.28	200.88	46.9	71.18	90.88	163.84	54.98	127.8	243.0	185.5	20.02	197.16	45.55	69.25	88.2	160.93	52.39	123.34	235.85	177.51	18.97	198.37	45.71	69.49	88.22	161.45	52.55	124.55	238.74	184.72	19.61	2168809	1845283	6570327	7237156	1486838	10335691	448717	4017536	3662712	76125994
2018-11-14	200.8	46.13	70.1	89.05	163.22	53.19	125.99	242.16	185.99	20.18	201.04	46.57	70.47	89.4	163.4	53.49	127.66	242.91	186.15	21.11	196.29	44.94	68.96	86.45	159.38	51.37	123.79	231.91	177.61	19.76	198.06	45.23	69.41	88.31	160.29	51.6	124.07	235.22	177.68	20.81	2797664	2213868	5400837	7268214	2819857	9099309	475355	3261302	1806868	106344252
2018-11-15	197.73	44.81	68.93	87.63	159.92	51.41	123.75	233.98	176.88	20.72	205.13	46.58	70.75	90.29	162.95	53.68	125.46	241.43	180.44	21.77	196.24	44.64	67.94	85.96	159.43	51.03	122.56	231.33	174.8	20.42	204.91	46.25	70.73	90.14	162.49	53.56	123.97	239.95	179.05	21.49	3157494	1387624	6849027	10365687	2561844	12304851	496940	3383487	1026644	97715488
2018-11-16	203.24	46.02	70.48	89.73	161.71	53.06	123.45	239.52	177.55	19.87	209.77	46.44	72.33	92.0	165.83	53.1	127.35	240.14	179.49	20.97	202.6	45.71	70.36	89.2	161.69	50.86	123.45	235.37	176.0	19.72	209.0	46.01	72.04	91.53	165.0	50.94	125.91	238.89	179.21	20.66	2620428	1083399	9860817	8691056	3218494	10695728	577586	2897385	876056	112376589
2018-11-19	207.83	45.84	72.0	91.29	164.5	50.81	125.74	237.5	179.15	20.4	208.05	46.4	72.41	92.34	165.94	50.87	127.16	238.65	182.49	20.59	204.37	45.55	70.28	89.11	162.11	48.89	123.34	218.72	176.9	19.09	205.58	45.64	70.54	89.48	162.77	49.14	123.78	219.69	177.75	19.11	3220380	1024384	7224362	5971688	2194401	13062917	340953	7641894	856734	93578236
2018-11-20	203.58	45.04	70.39	89.0	160.2	47.77	122.53	209.41	174.05	17.4	204.14	46.23	70.75	89.71	160.97	49.91	124.24	222.84	177.67	19.58	200.19	44.87	68.86	87.86	157.74	46.83	120.42	207.02	171.12	17.18	200.51	45.43	69.06	88.09	158.9	49.26	121.12	219.73	171.53	19.21	2677269	1798364	8222508	5372976	2224934	13801775	351896	6180467	891924	109869425
2018-11-21	199.68	45.74	69.35	88.5	160.0	50.04	121.25	225.33	171.5	20.05	201.18	46.47	69.72	88.78	160.0	51.21	125.35	228.99	176.09	20.31	198.66	45.64	68.25	85.37	156.74	49.86	120.65	222.24	171.41	18.5	198.69	45.73	68.53	86.15	156.98	50.85	123.84	225.98	174.67	18.73	1832769	932044	5789448	6532632	2525622	10184713	203506	4846563	893661	81585649
2018-11-23	197.76	45.51	67.94	85.6	155.85	50.46	122.48	222.71	173.7	18.61	198.68	46.06	68.68	86.55	157.87	51.0	124.41	227.74	178.53	19.83	196.79	45.42	67.83	84.9	155.25	49.72	122.31	222.51	173.66	18.56	196.8	45.64	68.11	85.63	156.93	50.05	122.66	225.56	177.24	19.38	999927	683152	3262242	1612814	938816	5128332	75043	1691015	325724	54611295
2018-11-26	198.57	46.0	68.73	86.39	158.54	50.69	124.06	229.19	178.91	19.96	201.83	46.46	69.27	87.25	159.48	51.02	127.16	233.3	180.77	20.19	197.32	45.82	68.45	85.21	157.38	49.99	123.92	227.91	176.92	19.11	199.86	46.43	68.81	86.24	158.4	50.91	126.82	231.96	177.72	20.08	2321035	1626105	6129379	5227881	2127521	9295599	327947	3603692	658824	83210988
2018-11-27	199.12	47.3	68.71	86.22	158.04	50.61	126.86	230.77	176.65	19.77	201.32	47.48	69.75	87.7	159.38	50.82	130.12	232.78	181.42	21.45	196.78	45.85	68.38	85.5	157.51	49.8	125.67	228.68	176.6	19.73	200.69	46.11	69.71	87.68	159.11	50.75	126.63	232.25	179.27	21.05	2079649	1338056	6758957	4338274	1929975	7795113	525295	2882445	701681	119230147
2018-11-28	201.99	46.3	70.1	88.04	160.01	51.1	127.43	237.9	178.85	21.82	204.35	47.22	72.84	88.96	162.36	51.21	128.78	250.41	180.79	21.88	199.42	45.45	70.1	86.56	159.29	49.98	124.65	237.74	177.95	20.18	204.34	47.22	72.83	88.94	162.21	51.02	128.58	249.21	178.95	21.34	2184438	1500929	7915871	3953645	2783964	8479540	289447	6447110	1086622	134425292
2018-11-29	203.87	46.98	72.43	89.01	162.21	50.64	127.83	246.36	177.91	21.19	205.84	47.18	73.7	90.33	162.46	52.91	130.88	252.25	179.18	21.61	202.66	46.29	72.37	88.36	160.81	50.6	127.06	244.31	177.34	20.73	204.56	46.84	73.26	89.91	161.07	52.56	129.06	249.09	177.67	21.43	1569231	1000078	6447652	3837960	2414584	9367158	269848	3723510	747842	79853746
2018-11-30	204.36	46.83	73.93	90.26	161.77	52.53	128.37	250.23	177.78	21.3	207.92	47.59	74.23	94.27	164.54	52.55	130.43	251.57	178.91	21.36	203.98	46.5	73.07	89.87	160.98	49.26	126.9	247.09	175.01	20.52	207.92	47.38	74.05	94.27	164.52	49.88	130.02	250.89	177.71	21.3	3171873	1808807	8030518	12031741	5832783	14511862	417838	5156668	1399630	82370737
2018-12-03	211.21	48.38	74.29	94.32	165.97	51.0	132.2	260.71	178.97	22.48	211.95	49.29	74.92	94.72	167.07	51.44	133.7	260.72	179.79	23.75	207.05	47.31	73.56	92.82	164.68	46.45	128.26	251.82	174.85	22.37	208.76	48.04	74.27	93.66	166.82	46.6	128.91	255.26	177.89	23.71	2493454	1993205	6428885	6673817	2319777	30816390	376618	4285915	895225	139605406
2018-12-04	208.06	47.68	74.24	93.92	166.46	46.66	129.2	253.22	180.12	23.35	208.55	47.97	74.25	94.98	168.37	48.4	129.97	254.71	181.73	23.42	202.09	45.05	71.43	90.4	164.09	46.34	119.79	244.98	175.62	21.07	202.2	45.17	71.5	90.55	164.21	46.52	120.0	245.82	178.19	21.12	2698694	1492917	7620066	7008395	3108890	22495670	492549	4041714	1549519	127392924
2018-12-06	199.61	44.47	70.59	89.7	160.71	46.25	118.21	240.0	176.31	20.22	203.08	44.63	71.54	90.48	161.74	48.31	120.68	250.68	177.0	21.41	198.19	43.26	69.92	87.17	156.64	45.5	114.26	237.96	170.75	20.06	202.68	44.6	71.54	90.33	159.25	48.15	120.44	250.63	175.76	21.3	2991766	2334528	10269126	8734309	6012221	18516888	888435	3950611	1226619	103434674
2018-12-07	202.62	44.6	71.75	89.93	158.88	47.87	120.2	248.39	174.62	21.3	204.37	45.33	71.83	90.0	160.78	48.77	123.72	249.26	177.26	21.38	197.01	43.84	69.19	86.37	156.24	47.2	117.0	237.65	167.38	19.17	198.24	43.91	69.95	86.96	157.45	47.23	117.9	238.0	167.59	19.46	2254486	1221001	7945533	6737665	3090006	18277425	395536	3971074	761799	105764534
2018-12-10	198.36	43.8	70.04	86.67	157.02	47.23	117.77	237.46	167.81	19.35	198.95	44.04	71.3	87.88	158.65	48.37	119.03	245.4	167.82	20.13	193.64	42.22	68.79	84.6	154.41	46.67	115.05	237.01	163.41	19.27	198.32	42.97	70.92	87.61	157.72	47.88	116.34	244.09	166.17	19.99	1980356	1729744	5828575	5229396	2280826	10970403	516420	3194293	1471151	77984520
2018-12-11	201.26	43.67	71.66	88.62	160.0	48.57	118.65	251.43	167.68	20.71	202.0	43.96	72.54	89.44	160.83	48.86	120.51	251.75	168.89	21.14	196.14	42.53	71.3	86.66	157.41	47.72	114.81	242.78	165.01	19.69	197.46	42.66	71.84	88.17	158.3	48.2	115.71	245.34	165.8	19.98	1828852	1205175	7567025	5098100	1786296	12474126	493032	3179388	861154	88027392
2018-12-12	200.6	43.34	72.81	89.32	160.26	49.05	117.65	249.99	166.95	20.32	202.62	43.52	73.86	90.17	161.21	50.22	119.84	251.56	168.86	21.02	199.7	42.54	72.49	88.36	158.53	48.42	116.0	245.04	166.12	19.71	199.81	42.57	72.53	88.6	158.62	48.45	116.57	245.55	166.98	20.48	1918966	1134917	6883761	4185087	2423360	11453591	469737	4067868	1461079	100340657
2018-12-13	201.43	42.85	72.71	89.37	159.79	48.75	117.08	248.15	166.82	20.63	202.4	43.05	73.14	89.99	161.09	49.26	118.5	251.6	167.98	20.87	199.52	41.99	71.58	87.37	159.22	47.72	115.91	245.2	165.13	19.76	202.13	42.24	72.18	87.71	160.25	48.51	116.75	248.08	166.29	19.86	1831731	1068624	6264895	4078628	2227080	7755190	458343	5395115	1008157	88108070
2018-12-14	200.12	41.71	71.32	86.8	158.33	47.47	115.29	240.76	165.3	19.58	201.57	42.46	71.5	87.16	158.64	48.45	119.58	240.92	168.38	20.7	195.85	41.22	70.37	85.08	155.12	46.97	115.29	229.91	163.4	19.52	196.1	41.41	70.76	85.61	155.53	47.75	118.35	230.0	163.78	19.9	2473515	1427508	5670292	5461637	2336127	7161356	410870	12189411	968569	84713551
2018-12-17	195.84	41.34	70.38	85.07	154.73	47.6	118.24	226.93	162.61	20.01	198.25	42.66	70.86	86.88	154.98	48.42	119.5	230.63	162.73	20.02	191.85	41.01	69.16	84.2	150.88	46.64	115.05	220.48	158.13	18.64	192.82	42.38	69.75	84.93	151.67	47.08	115.77	221.38	158.84	18.83	2547591	3106741	7257458	5958247	2755024	10064952	639490	7059515	1223775	115437927
2018-12-18	193.39	42.7	70.85	85.46	153.33	47.75	116.92	222.53	160.0	19.15	196.92	43.52	70.9	85.5	154.03	47.85	118.54	228.13	162.89	19.84	193.15	42.61	69.31	82.8	151.15	46.78	116.07	221.55	157.83	18.88	194.56	43.03	70.08	83.58	152.14	47.32	116.95	226.18	158.24	19.5	2636317	2899555	8392377	5288570	2692631	8776092	599294	5264971	1312471	101512938
2018-12-19	196.0	43.1	70.34	84.33	152.29	47.33	116.99	225.92	158.71	19.44	198.23	44.52	71.47	86.3	156.21	48.12	118.59	231.02	160.49	19.72	189.7	42.52	68.19	82.65	149.58	45.86	109.02	221.11	155.43	18.0	189.96	42.71	69.0	83.52	150.96	46.33	110.89	224.65	156.12	18.16	3266548	2349437	7339730	5510788	3261060	8363273	631271	6110844	1174266	120644490
2018-12-20	189.11	42.39	68.34	82.99	146.0	46.18	110.89	223.0	155.28	18.11	191.12	43.55	68.9	86.48	147.2	47.73	113.86	224.85	156.15	18.86	185.5	42.31	66.99	82.41	139.49	45.93	107.65	212.83	150.65	17.34	187.38	42.87	68.38	85.37	143.5	47.05	109.15	218.65	152.5	17.94	3609477	3142105	11689737	9453309	6409219	9849358	504595	6099382	1804947	119394487
2018-12-21	187.86	43.12	68.07	84.63	141.02	47.62	108.99	219.55	151.57	18.12	190.5	43.59	69.13	88.71	144.85	47.96	109.84	222.26	155.89	18.34	183.64	41.82	67.02	83.22	136.93	44.96	105.65	207.37	150.34	16.76	183.75	41.99	67.27	84.92	137.2	45.85	106.44	208.8	151.41	16.93	6699190	4223539	14240784	16044702	6236911	19308946	842232	8828085	1872870	132245996
2018-12-24	181.89	41.77	66.82	84.85	136.58	45.35	106.32	206.9	151.03	16.52	183.54	42.77	67.05	86.44	136.92	46.29	106.95	212.58	152.0	17.22	178.51	41.6	65.44	83.6	133.6	43.92	103.48	204.95	148.37	16.37	178.62	42.01	65.56	84.16	133.67	43.99	105.8	205.16	148.92	16.65	2249502	991189	4026161	5097852	2305355	6869860	190040	2940454	649122	62933126
2018-12-26	179.38	42.06	65.9	84.74	134.8	44.43	105.91	206.53	149.72	16.88	186.33	43.18	69.64	89.09	139.02	46.45	110.79	222.96	155.13	17.91	176.87	41.15	65.9	84.62	132.63	43.71	104.33	206.25	149.03	16.03	186.26	43.17	69.62	89.04	139.01	46.42	110.74	222.95	155.03	17.9	2925561	1260654	7576482	6225197	2488592	12028844	313230	5897853	962615	108811809
2018-12-27	183.5	42.52	68.41	87.95	137.11	45.71	109.08	219.99	153.44	17.43	190.7	43.14	70.63	89.93	140.41	47.06	113.38	225.17	154.77	17.74	182.88	41.84	67.79	86.86	134.69	45.21	108.74	214.16	149.58	16.44	190.7	42.9	70.63	89.91	140.41	47.04	113.31	225.14	154.69	17.49	2809032	2358905	6713047	7272750	2684148	7529434	286486	3931134	1123432	111373008
2018-12-28	191.81	43.11	71.05	90.09	141.01	47.32	113.25	227.58	155.34	17.53	192.3	43.71	72.05	92.82	141.8	47.59	115.98	228.11	157.3	18.31	188.57	42.48	70.3	90.0	138.81	46.1	112.56	220.87	153.64	17.14	189.37	42.7	71.09	91.12	139.82	46.8	114.09	223.13	155.46	17.82	2311390	1934621	6209595	6037743	2015596	5783802	528855	3160241	1009498	109214352
2018-12-31	190.34	42.82	71.57	91.6	140.4	47.04	114.46	225.56	156.05	18.15	191.65	43.34	72.76	92.99	141.29	47.32	114.95	227.33	157.68	18.51	188.5	42.37	71.48	91.23	139.39	46.01	112.2	223.24	154.99	17.85	190.54	42.7	72.33	92.19	141.01	46.57	114.95	226.24	157.46	18.46	1804618	2769474	6094307	5722155	1826426	7789604	246383	2866443	752467	84732181
2019-01-02	187.82	42.21	70.39	91.24	138.93	45.25	113.11	219.91	156.16	18.01	190.99	43.49	70.96	91.26	141.19	47.51	116.18	226.17	159.92	19.0	186.7	41.61	69.07	88.42	138.28	45.14	111.71	219.0	153.82	17.98	190.95	43.47	69.5	89.23	140.59	47.03	115.23	224.57	157.92	18.83	2475193	1998458	8737216	6908424	2059602	7245714	465800	2784109	1290990	87148693
2019-01-03	188.28	43.1	68.74	88.64	139.13	46.44	114.2	220.88	158.23	18.42	188.28	43.14	68.88	88.8	139.57	46.65	114.29	223.63	164.07	18.68	182.89	42.13	65.5	86.08	135.58	45.0	110.04	215.15	157.74	16.94	183.76	42.42	66.22	86.29	135.79	45.36	111.45	215.7	162.85	17.05	3358241	1700020	10571047	7653204	2801252	8266386	306873	3663514	1514733	117277563
2019-01-04	186.75	43.09	67.12	87.75	138.12	46.0	112.92	219.84	164.17	17.55	191.98	44.2	68.58	89.14	141.34	47.55	117.32	227.65	164.5	19.07	186.03	42.88	66.99	86.27	137.5	45.13	112.73	217.48	158.48	17.43	191.32	44.12	68.11	89.07	141.07	47.17	116.67	226.19	158.81	19.0	2995052	2864421	8299184	8910646	2296417	9081988	261048	4043376	1423037	111878582
2019-01-07	191.36	44.12	68.19	90.07	140.83	47.24	117.79	229.95	161.68	19.44	192.3	45.35	69.86	90.76	142.37	49.08	119.97	232.6	163.57	20.68	188.66	43.59	68.18	89.2	139.85	47.09	116.46	227.29	156.83	19.0	190.88	44.91	69.13	90.37	141.56	48.5	118.41	229.26	161.14	20.57	2162158	2013476	9502967	7281459	2315636	9112144	401683	3638526	2088323	107157014
2019-01-08	193.0	45.38	69.55	91.2	144.63	49.07	119.63	232.65	162.01	21.19	194.11	46.01	69.64	92.3	146.81	51.11	122.11	233.77	162.95	21.2	189.58	45.12	67.0	90.4	142.69	49.0	117.35	228.33	157.18	19.68	191.68	46.01	68.3	90.79	145.14	49.97	120.54	232.68	160.02	20.75	2479787	2195880	8905171	7478264	2647835	12429131	402967	3685900	1604674	121270986
2019-01-09	193.25	46.36	68.93	90.88	145.26	50.37	125.6	234.01	162.68	20.89	193.94	46.97	69.85	91.39	147.2	51.41	127.72	238.59	165.79	21.44	191.38	46.04	68.8	87.46	145.14	49.91	115.25	232.0	161.23	20.07	192.3	46.65	69.44	87.81	145.87	50.83	117.14	235.43	164.43	20.19	2163815	2743577	6090976	9971898	2181498	7769118	1134852	3594435	1429877	163944073
2019-01-10	190.87	46.55	68.68	87.88	144.66	50.5	116.4	233.77	163.03	19.76	193.81	46.62	69.44	88.88	147.13	51.49	123.94	238.04	165.23	19.83	189.4	45.97	68.45	87.12	144.27	50.09	115.21	231.71	160.76	18.9	193.6	46.55	69.08	88.2	147.02	51.35	122.05	237.77	165.07	19.74	1939317	1405184	8051203	6527679	1836305	6416948	955771	2704960	999051	115629372
2019-01-11	191.84	46.18	68.6	87.54	143.01	46.38	121.22	235.71	164.51	19.47	192.69	46.65	69.36	88.31	147.43	46.84	122.74	239.32	166.43	20.35	190.86	46.11	68.45	87.54	143.01	44.47	119.67	235.23	159.25	19.19	192.21	46.34	69.33	88.31	146.23	46.54	121.73	237.55	159.42	20.27	2360186	1026430	6582976	5318114	2004135	35424571	349036	3179485	1299571	85110766
2019-01-14	190.64	46.35	68.41	86.97	144.78	46.07	121.43	235.33	157.79	19.96	192.83	46.72	68.8	86.97	145.66	47.68	121.95	236.26	159.49	20.62	189.8	45.99	68.13	84.49	144.15	45.82	119.31	231.96	156.69	19.75	192.17	46.4	68.27	84.76	144.93	47.29	121.52	234.56	158.72	20.23	1914426	1167718	5122856	6368939	1484464	10183293	461652	2607012	1307673	71350248
2019-01-15	188.84	46.32	68.41	84.93	145.08	47.33	121.23	237.9	158.62	20.44	190.68	46.71	70.52	85.68	147.5	47.89	121.75	243.93	162.32	20.68	187.86	45.39	68.36	84.45	145.01	46.62	118.81	237.26	158.03	20.26	188.94	46.01	70.47	85.5	146.89	46.84	119.1	242.36	160.28	20.38	2737349	1065493	6306955	7295930	1543778	8190864	359190	3656486	1023677	62785800
2019-01-16	188.51	45.91	70.5	85.66	148.78	46.76	119.1	243.6	160.89	20.4	190.44	46.41	70.76	86.39	149.46	47.38	120.6	244.0	162.46	20.54	188.42	45.67	69.74	85.45	147.72	45.86	117.15	239.68	159.03	19.71	189.48	45.72	69.82	85.55	147.88	47.13	117.34	241.95	162.44	19.73	2492126	2507844	6357264	4926980	2677121	9299813	527135	2885155	1158019	70849266
2019-01-17	188.56	45.49	69.87	85.54	147.24	46.95	116.59	240.13	161.99	19.49	192.9	46.59	70.97	87.69	149.62	47.63	118.98	245.04	167.42	20.51	187.9	45.4	69.77	85.42	147.24	46.41	116.21	238.78	161.5	19.02	191.71	46.48	70.52	87.2	149.12	47.38	118.33	244.4	166.28	20.25	1978891	1106805	5427810	6438679	1814674	7829079	491191	2836201	1455093	85018421
2019-01-18	194.34	46.87	70.99	88.45	150.0	47.89	119.71	247.45	167.23	20.37	196.4	48.13	71.74	89.79	151.4	49.32	121.22	250.68	168.78	21.05	192.36	46.61	70.78	86.92	149.11	47.84	118.61	244.45	163.66	20.02	195.86	48.01	71.42	89.5	150.45	48.65	120.57	247.51	167.61	20.77	2746603	1668933	9404453	6190025	2470548	10563520	374089	3711300	1777270	88130950
2019-01-22	194.22	47.84	70.97	88.86	149.5	48.17	119.55	245.13	166.67	20.48	194.49	47.84	71.67	89.36	150.4	48.17	119.71	245.61	168.42	20.92	190.43	46.85	70.69	87.9	147.91	46.82	115.1	241.19	162.26	19.7	192.26	47.16	71.49	88.66	148.97	47.06	116.14	243.85	164.13	19.76	2709562	1668683	6541557	5664649	1950252	8415887	356732	4155486	1384244	78513667
2019-01-23	192.63	47.44	70.5	88.84	149.86	47.32	116.47	244.91	164.04	20.03	194.0	47.52	71.55	89.28	150.93	47.44	117.48	248.16	166.6	20.48	190.28	46.07	69.27	87.7	147.44	45.63	114.95	240.6	162.16	19.55	192.29	46.48	69.91	88.45	148.42	46.02	115.55	245.14	164.33	19.8	1653006	2191669	10196466	4969576	1989430	8951309	276408	2031718	1207844	77811255
2019-01-24	192.26	46.36	70.0	88.33	148.81	45.94	115.21	245.62	164.5	20.06	193.17	46.85	71.0	88.44	150.31	47.4	118.35	245.98	164.97	21.01	191.51	46.13	69.32	85.1	148.67	45.89	115.21	241.18	155.64	20.04	192.52	46.4	70.86	85.88	150.15	47.27	117.35	242.56	156.31	20.85	1582949	1861242	6438033	8372609	1947456	6007019	246663	3642950	1297964	97433423
2019-01-25	194.72	46.88	71.27	82.51	151.58	47.86	118.61	244.99	156.83	20.99	197.16	47.91	71.77	82.61	152.22	48.39	120.91	247.1	156.83	22.03	194.46	46.83	70.79	79.43	150.96	47.09	118.3	243.43	150.24	20.79	195.9	47.6	71.15	80.54	151.85	47.8	118.79	244.95	153.22	21.93	2320397	2524900	4826904	21348670	1742762	6172512	227782	3821429	1800707	110555157
2019-01-28	193.14	47.04	70.52	80.0	150.72	47.0	117.47	241.0	151.65	20.32	193.45	48.4	70.63	80.1	152.24	47.22	119.13	243.22	155.05	21.01	191.07	46.96	68.89	76.68	150.2	45.96	116.29	239.35	150.05	20.02	193.2	48.2	69.05	77.14	152.24	46.74	118.67	241.85	154.86	20.18	3156986	1937847	5942549	14718799	2046501	8807146	231163	2110409	1311545	135164064
2019-01-29	195.01	47.25	69.09	77.03	152.02	46.36	119.39	241.81	154.15	20.26	199.89	48.7	69.94	78.16	152.41	46.47	119.41	242.87	155.45	20.39	194.2	46.01	68.8	75.77	151.11	45.23	117.45	237.27	151.75	19.05	196.95	47.86	69.69	77.47	152.02	45.73	118.77	238.27	155.39	19.25	4311097	4315684	5981603	13908995	1963230	7722259	233612	1937089	1076241	131202535
2019-01-30	198.22	47.55	69.91	77.69	152.52	46.18	119.74	240.16	156.19	21.49	200.11	47.85	71.8	79.19	154.5	46.32	119.91	243.0	160.2	23.13	194.63	46.53	69.69	76.98	151.84	45.5	117.84	238.87	155.6	21.37	199.27	47.8	71.68	79.06	154.09	46.31	118.49	242.67	159.04	23.09	2168133	2669051	8145312	9277228	1679363	8679559	333944	2483107	1016528	211421150
2019-01-31	198.8	47.67	71.31	78.95	153.5	46.46	118.52	243.0	158.4	23.02	200.89	47.88	73.07	81.31	154.9	47.49	121.97	249.0	160.11	25.14	197.74	47.35	71.14	78.71	153.12	45.98	117.86	243.0	155.78	22.83	200.3	47.86	72.98	80.29	153.55	47.24	120.91	247.82	159.2	24.41	3338363	2014345	10421928	11563935	2115623	10060306	340597	5007179	1586550	182575629
2019-02-01	201.49	48.0	73.02	80.25	154.25	47.19	121.15	247.82	159.9	24.61	201.77	48.53	73.24	80.73	155.22	47.49	122.96	251.04	161.68	24.84	198.29	47.64	71.97	79.11	153.66	45.51	120.83	246.1	158.53	24.07	199.16	48.17	72.36	80.5	154.74	46.01	121.95	247.38	159.04	24.51	2239400	1625572	5016514	6759462	1957430	16662313	344154	3033305	941545	105356175
2019-02-04	199.01	48.13	72.39	80.3	155.0	46.32	121.63	248.56	159.63	24.43	200.26	49.53	72.69	80.36	156.64	47.03	123.31	256.99	161.62	24.66	196.25	48.01	71.71	77.52	154.23	46.07	121.2	248.06	157.76	24.07	200.21	49.27	72.5	78.53	156.55	46.78	122.07	254.74	161.35	24.13	1973572	1645794	5278342	10205647	1666079	10634988	267522	3705123	665612	70843958
2019-02-05	200.72	49.36	72.9	78.56	156.75	46.93	122.27	256.74	162.39	23.42	201.13	49.75	73.29	80.06	157.41	48.09	125.21	258.56	162.98	23.86	199.73	49.13	72.68	78.22	156.55	46.61	122.08	254.01	159.63	22.98	201.12	49.57	73.11	79.69	157.32	47.84	125.03	254.82	161.46	23.31	2036879	1903205	4302414	7965491	1985677	8673346	413764	3041982	932574	122226034
2019-02-06	201.22	49.54	72.9	79.6	157.15	45.0	124.66	255.06	161.38	23.63	203.08	50.2	73.56	79.89	158.03	45.0	127.86	255.93	161.8	24.14	200.25	49.42	72.63	78.79	156.89	42.53	124.66	250.71	156.7	23.22	202.57	49.75	73.49	79.08	157.16	43.0	126.81	254.35	157.22	23.26	1672422	1702065	4851862	4907169	1375103	34619612	544007	2539068	1212387	78684325
2019-02-07	201.02	49.68	72.99	78.35	155.85	43.21	125.96	251.33	160.0	22.99	202.4	50.11	73.06	79.22	156.0	44.33	126.9	254.31	163.26	23.22	198.86	49.08	71.5	77.81	154.19	43.05	123.28	250.28	158.0	22.32	199.84	49.31	72.74	79.17	155.18	43.96	124.54	253.74	163.13	22.67	1949371	1006810	6863650	5877496	2109947	17457019	419474	2099743	1375917	86723886
2019-02-08	199.22	49.12	72.16	79.03	154.15	43.78	123.6	251.39	161.99	22.33	199.85	49.26	73.48	79.86	155.95	43.93	125.7	257.05	163.61	23.28	197.9	48.18	72.12	78.89	154.02	42.88	123.6	250.64	161.12	22.27	199.82	49.26	73.33	79.67	155.59	43.41	125.56	257.0	162.41	23.05	1451833	1214098	6063737	4598892	2300033	19275224	432854	2756758	740699	78129280
2019-02-11	200.93	49.34	73.48	79.89	156.0	43.8	126.02	258.89	162.44	23.05	201.2	49.76	73.84	80.18	157.3	43.8	128.28	259.9	165.35	23.28	199.64	49.08	73.29	79.17	155.02	39.85	125.02	256.19	162.44	22.66	200.91	49.67	73.54	79.77	155.32	40.11	126.94	258.39	165.13	22.96	1513457	760644	4782802	4803522	1410528	44932372	359067	3538128	917477	60578705
2019-02-12	202.87	50.02	73.99	79.99	156.03	40.34	128.12	260.15	165.87	23.43	206.79	50.95	75.23	80.12	157.03	42.24	134.12	262.25	168.54	23.56	202.19	49.87	73.72	78.57	155.64	40.11	127.85	258.67	165.48	22.75	206.57	50.89	75.06	79.93	156.63	41.67	133.79	261.37	167.89	22.82	2622973	1388267	7039987	6620103	1861254	33515116	568359	2518430	1264331	67595405
2019-02-13	207.09	51.03	75.04	80.34	157.0	42.93	134.29	263.13	168.68	22.98	210.4	51.66	75.27	81.32	158.54	45.33	134.91	263.36	169.58	23.24	206.59	50.96	74.06	80.29	156.86	42.84	131.15	259.37	165.63	22.71	209.72	51.42	74.38	80.79	158.03	44.57	132.05	260.23	166.46	22.85	2967332	1272567	5696262	4237241	1952140	51708876	550136	1899835	1104720	57544167
2019-02-14	206.59	50.85	74.08	80.45	157.72	44.09	131.52	259.4	165.92	22.74	207.12	51.49	74.36	80.68	158.84	46.59	132.05	261.71	169.75	23.37	204.05	50.8	73.74	79.72	156.74	43.79	129.54	258.01	164.25	22.59	204.93	51.09	73.97	80.52	157.85	45.43	129.89	260.14	168.74	23.13	2229753	1010524	4864527	3436384	1552961	22540140	487145	1884977	720006	64441243
2019-02-15	206.46	51.39	74.56	81.13	159.08	45.47	130.94	260.34	169.83	23.58	208.97	52.01	75.4	81.7	159.33	45.6	132.36	260.97	170.83	24.05	206.0	51.24	74.33	80.16	158.23	44.14	129.93	258.07	167.67	23.2	208.86	51.64	75.25	80.85	159.23	44.6	131.09	259.45	169.99	23.68	2000378	2207767	8083239	6295419	2395244	17152459	469651	2999236	1379608	78644109
2019-02-19	207.91	51.42	75.16	80.5	158.61	44.45	130.29	258.98	169.93	23.63	209.15	52.23	75.57	81.52	160.1	44.79	131.18	260.06	178.69	24.41	207.39	51.14	74.72	80.23	158.19	43.5	129.05	256.45	166.42	23.61	208.41	51.99	75.0	80.52	159.48	44.48	129.76	257.81	167.14	23.95	1534457	1968922	4503450	5674713	1656522	17261598	275029	3475615	3369166	57517907
2019-02-20	208.93	52.0	74.83	80.53	159.78	44.67	130.12	258.13	166.0	24.14	208.97	52.55	75.57	80.6	160.12	45.56	130.22	260.99	167.03	24.37	207.32	51.91	74.6	79.14	158.43	42.48	127.92	255.92	162.59	23.9	208.53	52.47	75.54	79.99	159.71	42.78	128.57	258.1	166.0	23.95	1879145	1423666	6316696	5564105	1942259	21193170	648732	2484800	1990237	57091617
2019-02-21	208.16	52.4	75.11	79.74	159.58	42.7	128.22	257.3	166.21	24.04	209.11	52.87	75.47	79.91	160.05	42.86	129.22	259.35	166.21	24.33	207.25	52.12	74.66	78.1	158.88	41.67	127.6	255.12	160.2	23.85	207.77	52.61	75.14	78.75	159.53	41.9	128.19	257.76	161.31	23.92	1737687	1423454	5607025	6360817	1835727	16645310	267479	2607433	1616320	49608176
2019-02-22	207.77	52.75	75.35	79.16	160.18	42.0	128.82	257.61	161.31	24.05	209.66	53.23	76.45	80.19	161.83	42.25	130.78	260.24	161.88	24.36	207.15	52.65	75.35	78.24	159.96	41.25	128.28	257.61	158.91	23.88	209.35	53.18	76.13	80.02	161.5	41.5	130.63	258.9	161.47	24.36	1534158	1555544	5296623	5022750	1679308	13074736	391308	2006123	1158044	52650728
2019-02-25	210.47	53.38	76.39	80.46	162.06	41.82	131.48	261.5	162.63	25.01	211.35	53.96	77.05	80.62	162.41	42.21	133.28	262.98	163.32	25.52	210.34	53.32	76.24	79.88	161.53	41.0	131.28	258.18	156.12	24.68	210.58	53.34	76.86	80.29	161.67	41.96	131.63	258.62	157.71	24.71	2183547	2241620	5709577	5511831	1368003	12317055	355742	1815766	1787197	63221028
2019-02-26	210.58	53.21	76.58	80.2	161.62	41.82	130.5	258.0	163.0	24.65	211.59	53.32	77.12	80.86	162.5	42.68	132.21	262.58	165.83	24.72	209.37	52.49	76.38	80.02	161.04	41.72	130.06	256.37	161.48	24.15	209.38	52.78	76.75	80.51	161.34	42.08	131.95	261.22	162.92	24.21	1671310	1628304	5295365	4283285	1526192	9194267	352150	2539030	2112615	48470089
2019-02-27	209.6	52.63	76.45	80.14	160.85	42.06	131.65	259.77	162.59	24.11	209.69	53.08	77.33	80.14	161.26	42.36	131.8	263.08	162.78	24.23	208.16	52.16	76.33	78.8	160.13	41.61	130.2	256.52	156.68	23.21	209.03	52.74	77.23	79.41	160.63	41.79	131.13	262.9	158.3	23.48	1540585	1536400	5706547	4175746	1536250	8494233	356070	2267003	1149847	62649329
2019-02-28	209.05	52.64	77.01	79.46	160.9	41.78	130.72	262.4	156.72	23.21	209.05	52.64	78.06	79.71	162.0	42.35	132.47	266.24	163.77	23.67	206.96	51.82	77.01	78.75	160.39	41.67	129.79	261.76	156.72	23.11	207.39	51.93	77.62	79.24	161.38	42.14	130.12	262.5	161.78	23.53	2121733	1583308	6762751	6310769	2017270	12255195	380892	3810382	1717581	39384901
2019-03-01	208.81	52.55	77.99	79.77	163.0	42.6	131.54	265.75	162.25	23.97	209.76	53.1	78.74	80.85	164.9	43.18	132.73	266.24	163.25	24.19	206.9	52.24	77.68	79.28	162.68	42.18	130.64	261.5	158.05	23.45	207.49	52.58	78.59	80.1	164.2	42.84	132.28	264.01	160.62	23.68	1754444	1989238	5390195	8567978	2227605	9422555	289360	2594052	1398294	48083975
2019-03-04	208.99	52.76	78.84	80.4	164.75	43.06	132.59	266.7	161.92	23.89	209.98	53.07	78.97	80.73	164.92	43.25	133.96	267.0	161.92	24.13	205.74	52.17	77.47	79.11	160.91	41.31	131.43	254.08	156.92	23.01	206.86	52.5	78.62	79.46	162.82	41.79	132.5	258.16	158.4	23.37	1990128	1525796	5962827	5872471	1896316	12128535	419349	2995155	1147198	48147714
2019-03-05	205.58	52.48	78.56	79.38	162.97	41.84	132.34	259.0	158.51	23.34	207.25	52.64	78.91	79.9	163.91	42.0	132.35	259.87	159.82	23.68	203.84	51.96	78.13	78.72	162.52	41.05	129.82	256.37	157.27	23.01	203.84	52.0	78.22	78.91	163.67	41.88	129.9	257.38	157.31	23.5	2744490	1225115	6547585	5933118	1564943	7536834	314678	2101785	863080	35462587
2019-03-06	204.73	52.04	78.11	79.13	164.06	41.95	133.38	257.4	157.82	23.47	204.79	52.38	78.22	79.13	164.06	42.86	133.6	259.49	159.13	23.53	202.76	51.84	77.52	77.56	162.34	41.86	131.19	253.84	156.42	22.4	202.8	51.87	77.7	78.09	162.39	42.56	131.58	256.4	157.97	22.41	1825348	1289660	4182140	5293620	1733268	12535323	345250	1950615	1067992	60479430
2019-03-07	202.56	51.6	77.69	77.77	162.21	42.43	131.39	255.77	157.09	22.33	202.56	51.83	77.95	79.12	162.45	42.47	132.75	257.49	157.31	22.41	198.5	50.51	76.61	77.44	160.78	41.18	129.26	253.29	154.01	21.73	199.86	50.72	76.8	78.24	161.85	41.42	132.36	255.46	154.13	22.08	3339599	1582414	5292759	6642529	1654983	10470559	350209	3185202	940696	52186289
2019-03-08	198.38	50.37	76.35	77.67	161.0	41.01	130.7	251.49	152.85	21.35	201.17	51.0	76.68	78.04	161.81	42.12	131.16	255.02	153.19	22.09	198.0	50.26	75.86	77.09	160.5	40.89	128.62	249.1	150.5	21.04	200.89	50.87	76.63	77.58	161.69	42.03	128.91	254.74	151.77	22.01	1724488	894364	3895353	6189154	1458083	8735175	312897	2195350	1138165	49967725
2019-03-11	201.88	50.8	76.92	77.57	162.48	42.23	129.01	255.98	152.26	22.15	207.16	51.32	77.85	78.31	164.07	43.1	130.64	261.46	155.78	23.08	201.66	50.54	76.7	77.27	161.99	41.99	128.17	255.77	152.08	21.98	207.1	51.15	77.81	78.08	163.94	42.92	130.45	260.96	155.46	22.96	2385314	1634339	4254945	8078356	1240427	9451092	396312	2711658	1047765	54420188
2019-03-12	207.84	51.35	77.99	78.48	164.49	43.07	130.76	261.86	155.62	23.1	208.39	51.73	78.48	79.14	165.82	43.15	131.63	264.75	155.62	23.8	205.38	51.19	77.63	78.05	163.72	42.56	129.88	259.01	152.9	22.78	205.8	51.44	78.24	78.74	163.99	42.63	130.97	263.51	154.87	23.49	2115092	869355	4241270	6128895	2351166	6474860	190219	2583623	871975	56410616
2019-03-13	206.83	51.72	78.67	78.92	164.97	42.83	131.63	265.5	155.25	23.66	207.3	51.78	79.15	79.3	165.28	43.95	133.6	269.8	155.8	24.15	205.63	51.33	78.07	78.15	163.66	42.57	131.04	264.13	153.79	23.35	206.66	51.41	78.62	78.93	164.11	43.7	132.33	264.38	154.7	23.38	2036665	1141723	6479249	5984714	2095157	7774164	303986	3992487	812385	56705777
2019-03-14	206.7	51.3	78.5	79.0	164.46	43.73	131.86	265.26	155.06	23.37	207.45	51.49	79.07	80.4	164.93	43.93	132.27	268.0	155.2	23.49	205.73	50.9	78.14	78.41	164.11	43.23	130.9	263.52	153.04	22.8	207.38	50.97	78.98	79.95	164.82	43.32	131.39	267.69	154.0	22.82	1793356	1307154	5734485	6161823	2270066	7324745	176057	5113443	683410	42818582
2019-03-15	208.4	50.95	79.03	80.06	165.0	44.02	131.67	258.03	153.64	23.1	208.66	51.72	80.15	81.46	167.04	45.11	132.54	260.0	154.99	23.65	206.79	50.95	78.92	79.11	164.9	43.91	130.48	252.03	151.04	23.01	208.08	51.32	79.86	81.34	166.39	44.63	130.75	257.09	154.84	23.29	4394759	3047517	11989434	12751221	3737186	20494107	427273	12110485	1714076	46519912
2019-03-18	208.44	51.43	79.95	81.34	166.75	44.93	130.6	257.11	155.22	23.3	208.6	52.19	79.95	81.75	167.44	45.16	131.81	259.96	162.95	23.62	205.61	51.34	77.97	80.28	165.14	44.12	129.67	253.89	155.08	23.04	208.49	52.1	78.83	80.65	166.43	44.97	130.74	257.76	161.57	23.25	1843555	1196664	7671136	5550380	1592110	11344595	352045	4013389	2116059	34731839
2019-03-19	209.1	52.28	79.18	80.33	167.11	45.61	131.11	259.43	161.44	23.6	210.54	52.62	80.25	81.29	167.63	47.3	131.49	260.64	164.93	26.08	208.31	51.88	79.02	79.51	165.53	45.29	127.84	256.34	161.17	23.59	209.02	52.13	79.96	80.82	166.2	46.42	128.52	260.42	163.42	26.0	2351597	1108834	6048564	6335502	1949569	16098945	407177	4257338	1371618	156052222
2019-03-20	209.0	52.19	79.87	80.72	166.4	46.37	127.18	260.54	164.51	26.49	210.51	52.45	80.43	80.91	167.26	47.09	127.18	262.3	165.62	26.88	207.29	51.51	79.11	80.06	164.81	46.13	121.33	256.17	162.59	25.31	208.3	51.97	79.94	80.43	166.27	46.16	123.02	259.74	164.15	25.7	1734653	1422784	5389124	5360886	2128784	14270416	573654	3732580	875227	151292138
2019-03-21	206.8	51.9	79.45	79.88	165.18	46.08	123.0	259.0	163.83	25.78	210.16	53.34	80.49	81.31	168.92	48.83	125.61	264.34	169.17	28.11	205.97	51.9	79.32	79.26	165.18	45.9	121.55	258.4	163.83	25.71	209.61	52.85	80.06	81.24	168.24	48.6	123.17	264.18	169.07	27.89	2288068	1096752	5899061	5159150	1666372	13972937	542884	2359850	864655	129610272
2019-03-22	208.29	52.69	79.81	80.78	167.8	48.31	122.63	263.47	168.33	27.54	208.49	52.75	80.0	81.99	168.42	48.45	123.84	264.64	168.58	27.75	204.47	51.45	77.69	79.69	165.11	46.28	118.77	259.52	164.72	26.33	204.66	51.74	77.97	79.76	165.24	46.87	118.95	259.69	164.84	26.37	2716057	1007117	7532950	4992843	1602613	11117692	280328	3454012	941630	115323257
2019-03-25	203.46	51.83	77.81	79.5	164.98	46.75	118.68	259.21	165.5	26.29	205.47	52.44	78.67	80.04	165.47	47.55	119.83	263.12	168.95	26.99	202.25	51.6	77.62	78.41	164.0	46.42	117.89	257.1	164.29	25.54	203.21	51.68	78.23	79.51	165.08	46.98	118.48	262.27	167.78	25.97	2020649	988284	3844492	4008385	1769893	6976906	380548	2639365	841102	78438159
2019-03-26	205.0	51.88	78.89	79.85	166.48	47.28	119.08	265.05	167.85	26.69	207.64	52.15	79.51	81.19	167.6	47.88	120.8	267.74	168.9	26.98	204.77	51.47	78.68	79.8	165.94	45.96	117.86	263.84	165.81	25.46	207.24	51.55	79.0	80.76	166.94	46.43	118.81	265.59	168.27	25.69	1895577	1159565	3596361	4922237	1777791	9712040	401493	3150072	961738	75754079
2019-03-27	207.4	51.64	79.0	81.0	167.0	46.29	118.42	265.53	167.96	25.7	207.94	52.1	79.31	81.0	167.8	46.29	120.17	265.97	169.71	25.88	205.13	51.57	77.89	79.8	165.37	45.24	118.42	259.04	166.7	24.55	207.16	51.97	78.73	79.89	166.47	45.52	119.21	262.34	166.89	24.89	2003968	1114183	4101936	4006238	2376173	7813558	429262	2521923	998925	88585265
2019-03-28	208.0	52.25	79.16	80.33	170.92	45.34	119.79	263.5	167.32	25.1	208.74	52.76	79.66	80.49	177.49	45.71	120.7	265.17	168.92	25.56	206.64	52.11	78.72	79.5	170.48	44.87	116.14	260.88	166.66	24.65	208.53	52.52	79.44	79.96	175.12	45.62	119.48	263.53	168.75	25.06	1670590	948939	5675861	3082307	5398714	8347763	544814	2017976	643394	64667453
2019-03-29	209.29	52.89	79.86	80.08	175.3	46.18	120.73	265.47	169.89	25.58	209.5	53.57	79.99	80.9	176.97	46.37	121.41	266.75	171.57	25.73	206.2	52.76	79.11	79.96	174.95	45.01	119.19	264.2	168.6	25.25	207.78	53.32	79.94	80.59	176.02	45.53	120.01	266.49	170.53	25.52	2858396	1612045	5891218	7105873	2773014	6643744	379973	2097589	1856216	53502807
2019-04-01	209.89	53.85	80.67	80.98	175.5	46.5	121.47	269.85	172.79	26.42	212.39	54.59	80.74	81.11	176.52	47.31	123.85	272.39	174.18	26.56	209.26	53.69	79.21	79.97	174.79	46.16	121.0	268.19	171.13	25.83	211.94	53.99	79.66	80.78	176.32	47.12	123.66	272.17	173.63	26.36	2588445	1299829	4841966	4759386	2977921	9233360	413286	2970213	957451	63000322
2019-04-02	212.24	54.08	79.83	80.89	175.83	47.42	123.79	272.89	173.54	26.51	212.7	54.23	79.83	83.49	176.55	47.78	124.21	273.0	173.94	26.8	211.0	53.77	79.07	80.8	174.56	46.2	121.69	267.63	170.93	26.09	212.13	54.05	79.62	83.07	175.37	47.46	123.89	271.35	173.34	26.75	1413493	1030768	3717922	6355966	1923551	9697675	670889	1877939	670555	53358772
2019-04-03	212.95	54.44	79.97	83.62	175.9	47.75	128.34	273.71	174.08	28.02	213.93	54.9	80.0	84.73	177.39	48.6	137.72	274.18	174.8	29.95	212.44	54.1	79.15	82.79	175.48	47.4	128.12	270.98	171.42	27.88	213.13	54.5	79.5	83.08	177.19	47.65	134.79	271.5	171.69	29.02	1569956	1065515	3973665	6083634	2481837	9741796	2113264	2432780	847225	197650478
2019-04-04	213.5	54.46	79.47	83.04	177.19	47.68	135.46	270.98	172.14	28.88	215.27	55.15	79.51	83.38	177.44	47.82	136.94	271.47	174.41	29.39	212.33	54.46	78.0	82.07	175.86	46.58	132.32	263.72	171.58	28.61	215.03	54.82	78.62	82.81	177.16	46.96	136.85	267.89	174.0	29.09	1560926	879411	4671176	4827927	2270157	6941803	897945	2947386	1213816	82191092
2019-04-05	215.88	55.01	78.9	82.82	177.44	47.08	137.22	269.44	174.31	29.64	216.49	55.21	79.36	84.18	178.42	47.54	139.91	269.94	176.83	29.69	214.8	54.85	78.39	82.67	177.04	46.68	136.6	266.59	174.31	28.8	215.41	55.17	79.0	83.45	178.15	47.29	138.99	267.45	176.78	28.98	1391097	806477	3434494	3996624	1861494	5977000	529915	1970627	741279	65662738
2019-04-08	214.71	54.8	78.91	83.7	177.67	47.23	138.66	266.96	175.78	28.69	215.07	55.49	78.91	84.0	179.08	47.63	140.82	269.09	178.04	28.95	213.47	54.54	77.95	82.78	177.37	46.37	137.84	264.7	173.83	28.18	215.02	55.22	78.52	83.98	178.91	47.57	139.78	268.81	177.59	28.53	1130042	1277417	5178878	3499353	1373468	5563806	364335	1796796	830258	58002493
2019-04-09	214.42	54.83	78.24	83.77	177.75	47.19	138.99	267.12	176.9	28.24	214.57	54.96	78.96	83.78	178.47	47.65	140.43	269.99	177.72	28.38	211.82	53.8	78.06	82.5	177.28	46.85	138.16	266.8	175.33	27.19	211.96	53.84	78.67	82.69	177.73	47.01	139.48	268.99	175.65	27.24	1516450	1021129	4836715	3712813	1813989	5091005	429659	1605892	616239	75539793
2019-04-10	212.42	53.99	78.72	83.2	176.8	47.34	139.78	269.47	176.7	27.46	212.71	54.2	79.42	83.38	177.75	47.96	140.19	272.16	178.86	28.12	210.72	53.54	78.56	82.6	176.1	47.15	138.35	269.01	174.25	27.32	212.11	54.19	78.97	82.95	177.0	47.86	139.86	271.58	178.8	27.83	1348780	1085518	5604667	3641988	1582598	3548256	245400	1469979	1079547	64368144
2019-04-11	211.71	54.26	79.19	83.2	177.18	48.06	140.0	271.95	178.65	27.81	213.71	54.94	79.23	83.25	178.47	48.24	140.99	272.92	181.02	28.05	211.44	54.16	78.35	81.23	176.9	46.86	139.09	270.77	177.89	27.46	213.53	54.89	78.51	81.77	178.36	47.17	140.88	271.9	180.96	27.79	1181248	725704	4432118	9094188	1417211	5198572	239644	2085789	705349	44801179
2019-04-12	215.1	55.23	78.37	80.67	178.5	47.4	141.64	273.01	180.96	28.21	217.49	55.59	78.85	81.81	179.36	47.68	143.05	273.51	181.8	28.38	214.35	55.04	77.82	79.84	177.8	46.94	141.11	270.82	179.74	27.66	217.42	55.51	78.01	80.78	178.64	47.28	143.0	271.86	180.11	27.85	1922409	740391	5481957	5011702	2663423	3802097	228050	1681371	922631	41048838
2019-04-15	216.84	55.54	78.11	80.96	178.41	47.27	143.47	271.86	180.54	27.8	217.36	55.76	78.46	81.51	179.64	47.57	144.48	273.71	181.78	27.84	214.9	55.29	77.46	80.37	177.95	45.64	142.01	270.62	179.03	26.96	215.83	55.59	77.5	81.03	179.3	45.75	144.37	272.22	181.43	27.33	1483313	503539	6095197	3495510	1619779	7343713	322931	1462311	913242	40812497
2019-04-16	216.59	55.83	77.94	81.11	179.8	45.95	144.5	273.07	182.56	27.72	217.67	56.03	78.7	81.3	179.9	45.95	144.88	273.39	182.56	28.18	215.48	55.65	76.06	80.02	178.26	44.74	141.15	269.64	179.51	27.49	216.9	55.94	76.38	80.21	179.06	45.06	141.76	271.43	179.95	27.93	1549643	623862	6227792	3624812	1618240	9742206	452350	1638464	676878	47340055
2019-04-17	217.63	56.19	76.18	80.1	179.58	45.17	142.11	272.17	179.95	28.21	219.33	56.37	76.29	80.2	180.0	45.34	143.07	272.67	180.05	28.27	217.18	55.66	72.36	77.55	178.9	43.96	140.02	268.44	176.67	27.22	217.64	56.0	72.88	77.98	178.95	44.98	141.23	269.45	176.81	27.49	1977615	767667	11212434	6817105	1637446	6663148	376496	2391518	741505	48240768
2019-04-18	217.98	56.08	73.64	78.06	178.72	45.18	142.42	270.09	176.56	27.6	219.67	56.66	74.9	78.21	179.0	45.59	142.98	270.82	177.13	27.88	217.62	55.93	72.75	76.81	177.39	44.65	141.24	266.64	174.11	27.34	218.88	56.49	73.92	77.57	178.61	45.31	142.44	270.57	175.4	27.68	1780159	822224	9712196	7785262	1319677	4582974	326459	2028988	1025314	39880890
2019-04-22	217.3	56.2	73.13	77.6	177.25	45.24	141.55	269.82	174.45	27.62	219.4	56.5	74.6	79.1	178.25	45.53	144.22	272.32	175.39	28.23	217.27	55.97	73.0	77.5	177.02	44.7	141.09	269.2	169.73	27.39	218.54	56.09	74.51	78.15	178.07	45.34	143.98	272.21	170.08	28.18	1403478	760135	5810683	5358633	1393852	4229733	289487	1364952	878793	36477286
2019-04-23	218.01	56.19	74.63	78.15	178.2	45.6	144.73	272.54	171.09	28.18	219.55	56.44	76.41	79.66	180.55	46.76	147.05	278.89	173.72	28.49	217.18	55.82	74.43	77.75	177.96	45.47	143.4	271.59	170.26	27.79	219.5	56.28	76.1	78.66	180.48	46.51	146.32	278.49	172.47	27.97	1561876	630106	6823550	9920595	1785525	6263448	385791	2693942	924950	41777470
2019-04-24	219.0	56.28	76.05	79.23	180.86	46.45	146.45	279.22	173.29	28.1	219.75	56.49	76.87	79.59	181.41	46.89	147.29	280.17	173.93	28.85	218.1	55.89	75.67	78.44	180.27	46.04	145.52	275.25	171.76	27.93	219.08	56.23	76.75	78.67	180.81	46.75	146.15	275.45	171.86	28.46	2048899	985425	6238700	7056350	1464283	5327783	277483	1867555	915829	51784738
2019-04-25	197.54	56.0	76.62	80.05	180.58	46.66	144.88	278.4	169.8	28.67	198.96	56.04	78.18	80.47	180.58	47.46	146.17	279.52	171.57	28.86	189.6	55.27	76.37	76.91	178.61	46.14	143.93	274.38	165.87	27.36	190.72	55.34	78.11	79.34	179.95	47.41	145.41	277.66	170.64	27.66	14646157	1054591	6011693	10442915	1035343	7637293	224297	1747300	1265048	57329711
2019-04-26	190.53	55.47	78.46	79.67	180.12	47.48	145.24	278.18	170.31	27.66	192.25	55.91	78.57	80.65	180.85	48.48	146.45	282.0	170.73	27.9	189.36	55.33	77.53	79.4	179.09	47.3	145.1	275.79	168.17	27.05	191.67	55.91	78.56	79.7	180.83	48.15	145.8	281.96	170.19	27.88	4491273	692600	4286509	5789966	1010262	6233157	208915	2114205	690672	48827903
2019-04-29	191.52	55.88	78.56	80.46	180.78	48.43	146.34	286.46	169.94	27.9	192.19	56.11	78.63	80.98	181.72	48.98	146.6	291.71	170.56	28.14	189.75	55.52	77.58	79.91	180.64	48.22	145.37	285.38	166.64	27.5	190.21	55.81	78.27	80.3	181.21	48.4	145.92	286.14	166.77	27.69	3803436	1060571	4355001	6444517	1111861	7098558	136400	5592372	810986	44532725
2019-04-30	190.86	53.58	78.27	80.68	181.58	48.41	146.19	286.1	167.41	27.59	190.86	53.96	79.69	80.69	182.83	48.65	146.94	289.77	168.71	27.8	186.55	52.26	77.93	78.68	181.17	47.78	145.57	285.25	165.25	26.94	189.51	52.57	79.56	79.39	182.67	48.21	146.33	289.25	166.32	27.63	4540971	4882437	5514123	9367350	1535810	6906419	300152	3067976	872186	73165869
2019-05-01	189.49	52.43	79.35	79.6	183.2	48.35	146.47	291.0	166.13	28.95	189.71	53.31	79.47	79.68	183.35	49.56	147.44	291.0	166.66	29.15	185.92	52.05	78.29	78.61	181.29	48.24	143.54	283.19	163.67	26.78	186.07	52.5	78.74	78.89	181.31	48.56	144.33	283.35	163.83	26.81	3818525	1846458	6702454	5231917	1242440	9474529	244348	2056176	923175	136066941
2019-05-02	184.5	52.61	78.42	78.73	181.0	48.78	144.38	283.14	164.05	26.94	186.5	53.02	78.87	78.78	182.33	49.83	145.8	284.59	167.21	28.64	183.38	52.03	77.91	77.6	178.49	48.72	143.11	278.15	163.3	26.61	184.75	52.52	78.78	78.47	179.39	49.55	144.53	279.64	166.78	28.29	5654907	1127065	5112210	5206327	1889915	13565613	307136	2482283	1154501	100514792
2019-05-03	185.81	52.81	78.83	78.72	177.03	48.2	144.06	282.56	167.05	28.3	186.69	53.72	79.13	78.8	177.96	48.67	145.92	286.35	167.39	28.42	184.09	52.77	78.26	78.25	176.52	46.16	143.95	282.39	163.19	27.66	185.22	53.64	78.69	78.71	176.98	47.15	145.11	285.58	163.27	28.22	4747767	775563	5452725	4527349	2680151	25671038	395322	1979920	760196	55503062
2019-05-06	182.04	52.8	77.42	77.75	173.83	46.03	141.86	277.6	161.06	26.72	183.11	52.81	79.17	79.52	176.87	48.2	145.76	284.22	163.56	27.5	180.13	51.87	77.35	77.34	172.89	46.0	140.88	275.81	159.83	26.45	183.04	51.88	79.07	79.26	176.26	48.16	145.5	283.66	161.99	27.42	6517556	1569834	4006749	5413247	1630188	10300531	464227	1994477	1218550	70344092
2019-05-07	181.81	51.41	78.5	78.6	174.92	47.71	143.86	278.82	161.09	27.2	181.9	51.55	78.87	78.99	175.15	47.97	144.86	280.65	162.59	27.35	177.81	50.74	76.2	77.17	172.36	46.35	142.56	273.67	159.65	26.21	179.12	51.39	76.91	77.95	173.94	46.68	143.8	277.07	160.66	26.66	5415556	1176030	5322549	4275326	2308518	7918512	268552	2567977	1069448	75868821
2019-05-08	179.51	51.38	76.93	77.95	174.07	47.05	143.56	275.83	160.12	26.41	180.53	51.44	76.97	78.89	175.25	47.32	146.3	278.37	160.45	27.71	178.5	50.27	76.14	77.32	173.16	46.4	143.36	274.16	157.73	26.27	178.59	50.3	76.22	77.99	173.82	46.82	144.64	276.77	158.62	27.09	2990518	1399333	4362822	3820744	1984874	9392536	236666	2611043	586164	65967544
2019-05-09	177.3	49.87	75.66	77.51	172.1	46.14	143.75	274.16	157.32	26.7	177.4	50.54	76.48	78.13	174.58	47.04	143.92	277.12	160.01	27.38	174.18	49.21	74.88	76.73	171.39	45.7	141.07	270.8	156.18	26.03	175.28	50.47	76.42	77.91	174.46	46.64	143.2	275.79	159.89	27.21	5098235	1391376	3736727	3792357	2044771	7115442	302529	1867193	883568	73150883
2019-05-10	175.02	50.19	76.21	77.45	173.72	46.56	142.92	273.58	159.24	27.03	176.33	50.43	76.66	77.73	174.98	46.63	144.17	279.5	159.24	28.1	173.01	49.3	74.54	75.62	170.67	43.52	140.61	270.32	154.49	26.93	175.86	50.22	76.45	77.45	174.3	46.02	143.55	278.48	158.12	27.96	5012341	1090525	3993531	4731823	2139599	5415428	150594	2097736	813292	82930144
2019-05-13	173.94	49.33	75.17	76.3	171.39	44.73	140.75	270.57	155.13	26.98	174.58	49.56	75.79	77.3	172.0	45.13	141.14	274.19	156.0	27.23	172.79	47.96	74.96	76.17	170.35	43.17	137.5	267.22	153.41	26.1	174.07	48.1	75.5	76.87	171.02	43.41	138.0	267.7	155.37	26.24	5916911	1712105	5166977	3858417	1853848	9803138	198783	2698322	1395378	99017893
2019-05-14	174.79	48.25	75.64	77.16	171.91	43.7	138.66	269.43	154.57	26.53	176.97	48.86	76.77	79.36	174.77	45.18	139.57	274.23	156.89	27.48	174.51	48.07	75.63	77.0	171.91	43.38	137.14	269.29	153.09	26.15	175.21	48.3	76.03	78.44	173.61	44.7	137.4	271.86	155.75	27.32	4013992	1798520	5319291	6365499	2181155	7171473	250662	2046551	1216031	82980397
2019-05-15	174.02	47.98	75.5	78.51	172.21	44.49	136.04	269.82	154.84	26.87	175.65	48.35	77.02	79.15	176.14	46.52	137.59	276.95	155.95	27.79	173.65	47.65	75.22	77.48	172.18	44.43	134.3	269.5	153.25	26.73	174.12	48.14	76.51	78.78	175.4	46.28	136.74	276.82	155.83	27.58	3015543	1773036	4385516	4795684	2060834	6965609	346623	2708559	782974	55689874
2019-05-16	174.39	48.19	76.52	78.98	176.27	46.27	137.69	278.63	155.8	27.37	174.39	48.19	77.37	80.75	179.75	47.32	139.3	285.87	158.67	28.37	171.36	42.74	76.17	78.71	176.11	45.82	136.65	278.4	154.12	27.27	171.81	45.12	76.6	79.5	178.17	47.29	138.0	283.55	157.28	28.01	4039493	13528848	6098066	5404737	2232076	5798707	353556	3413063	1264523	67330064
2019-05-17	170.0	44.5	76.29	78.53	176.39	46.81	136.53	281.68	155.92	27.69	170.26	44.84	77.21	80.08	179.19	47.37	137.37	284.41	159.67	28.46	168.43	42.56	75.96	78.02	176.39	46.3	134.97	279.07	155.68	27.4	169.09	43.85	75.97	79.46	178.33	46.39	135.06	279.85	157.97	27.5	4595046	8016325	5169349	4756826	1551054	4280786	205861	2223523	1146245	65385351
2019-05-20	167.96	43.6	75.6	79.02	176.98	45.65	133.73	276.1	157.35	26.98	167.96	43.72	75.96	80.39	179.47	45.65	135.19	277.89	160.19	27.24	165.61	42.81	75.2	78.91	176.44	43.33	132.71	273.4	157.2	26.49	166.25	43.26	75.77	79.82	178.54	43.61	134.79	275.45	158.64	26.68	4374976	3084065	4493099	4395510	1566035	9204236	305226	2391950	1714631	69757402
2019-05-21	167.01	43.84	76.56	80.33	179.61	43.97	135.85	278.21	159.02	27.18	167.42	44.6	76.82	81.5	180.0	44.06	138.47	280.0	161.72	27.37	166.18	43.77	76.02	80.32	178.81	43.4	135.73	277.05	156.65	26.93	167.3	44.6	76.03	80.88	179.57	43.45	137.16	278.07	161.3	27.35	4148575	3063113	3819675	4841857	1224851	8279606	236712	1793665	1821259	46079177
2019-05-22	167.43	44.4	76.14	80.51	179.32	42.94	136.11	277.42	165.69	27.12	170.76	44.71	76.59	81.75	181.38	43.64	139.03	282.74	170.99	27.59	166.46	43.83	75.85	79.88	179.19	42.83	136.11	277.26	164.6	27.07	169.74	43.98	76.26	81.59	180.39	42.91	138.89	281.82	166.29	27.41	4504159	2069721	3062654	4219477	1212257	7222887	291046	1570628	3608402	40035288
2019-05-23	167.58	43.37	76.14	80.39	178.94	42.43	136.69	278.29	165.58	26.99	168.3	44.07	76.14	81.63	178.94	42.79	137.28	278.43	167.0	27.1	164.59	43.07	75.32	80.32	176.44	41.95	134.8	271.69	158.55	26.03	165.87	43.69	75.63	81.15	178.27	42.19	136.29	274.25	159.8	26.36	3830288	2158304	5506958	3299440	1250242	7390117	235996	2706419	2600192	67809153
2019-05-24	166.34	44.0	76.02	81.09	179.56	42.46	137.64	273.54	159.72	26.61	167.42	44.24	77.08	81.1	180.33	42.78	137.64	277.48	160.41	26.93	165.32	43.81	75.96	79.87	178.64	41.84	135.37	273.54	155.48	26.4	166.09	44.03	76.98	80.06	178.81	42.29	135.51	274.77	158.09	26.44	2366928	1156251	4866347	3872999	1288052	5076257	245790	1878339	2127796	39835788
2019-05-28	166.8	44.12	77.03	80.0	179.26	43.76	135.26	276.49	158.23	27.27	166.99	44.31	77.98	80.1	180.11	44.7	137.2	281.45	159.25	29.67	163.35	43.05	75.68	77.92	177.8	43.28	134.44	275.37	154.56	27.06	163.35	43.05	75.71	78.03	178.39	43.5	135.16	278.25	154.56	29.03	4875105	1864650	5418558	6557817	2336466	12150257	287883	2475891	1207484	146949629
2019-05-29	163.01	42.7	75.37	77.57	177.64	43.2	134.45	275.29	154.18	29.0	163.8	42.7	75.97	78.28	178.7	44.16	134.45	276.8	156.07	29.32	160.5	41.09	74.94	77.1	176.61	42.84	130.93	272.28	151.57	27.73	161.4	41.19	75.67	78.06	177.61	43.99	131.81	273.38	155.78	28.09	3669087	5459987	4013124	4182232	1547740	9134322	213527	1805982	1665217	99969597
2019-05-30	161.4	41.24	76.01	78.52	177.66	44.04	132.37	274.43	156.79	28.4	162.27	41.8	76.59	78.59	179.46	44.48	133.97	275.09	160.58	28.56	160.0	41.03	75.87	77.13	177.66	43.16	130.86	272.43	156.44	27.6	160.58	41.19	76.52	77.61	178.82	43.56	133.08	274.51	159.39	28.03	2478748	2441554	3600295	3533061	1047890	5552898	193146	1601106	1080195	65289093
2019-05-31	159.83	40.7	75.97	77.31	177.47	43.11	124.97	271.28	156.0	27.57	160.74	41.11	76.52	77.57	178.63	43.78	125.09	272.91	156.63	28.36	159.63	40.38	75.6	76.4	176.49	43.01	120.56	268.75	154.4	27.4	159.75	40.5	76.13	76.71	178.07	43.37	123.67	270.9	155.0	27.41	3521955	2394268	6571012	4003268	1799587	5978703	822495	2526653	1487247	68667809
2019-06-03	159.75	40.89	76.25	76.63	177.87	43.32	123.66	270.51	154.41	28.75	161.5	41.64	76.79	76.84	178.36	43.39	128.3	272.81	154.49	29.62	159.32	40.68	75.44	73.81	174.23	42.1	123.66	257.53	151.83	27.29	160.04	41.33	75.71	75.7	175.16	42.38	125.95	259.03	153.17	27.58	3726881	1773351	6286485	8434438	1774584	6711225	464963	3903421	1104174	147532180
2019-06-04	161.73	42.0	76.25	76.14	177.27	42.98	127.26	263.27	154.56	28.39	165.09	43.21	77.61	77.44	178.02	43.64	132.1	268.93	155.82	29.59	161.58	41.76	76.16	75.9	175.77	42.25	126.62	257.46	153.76	27.91	164.29	43.16	77.46	76.75	177.97	43.61	131.88	268.71	154.61	29.57	3747008	2468770	5836169	6447201	2269684	7621645	445630	3750815	1008283	107549523
2019-06-05	165.14	43.44	77.84	77.41	179.42	43.77	131.9	272.78	155.26	29.93	165.83	43.62	78.85	78.17	180.35	44.68	133.97	273.21	156.02	29.99	162.88	42.3	77.83	76.66	178.39	43.49	129.33	268.39	152.64	29.03	163.85	43.37	78.69	77.06	179.56	44.52	133.3	272.86	154.61	29.5	3161679	2052117	5286485	3804787	1492153	5769167	413458	2650396	1093021	79481540
2019-06-06	164.0	43.06	78.85	77.16	180.0	44.15	133.37	273.72	154.64	29.87	166.35	43.43	80.43	77.72	180.98	44.74	133.93	275.76	155.4	31.98	162.46	42.08	78.64	76.86	179.33	43.7	130.96	271.05	153.42	29.84	164.72	43.24	80.09	77.07	180.4	44.08	131.18	274.8	154.9	31.82	3581835	1952959	5966650	4032814	1737729	4698969	321398	2211787	919542	131267796
2019-06-07	165.56	43.31	80.49	77.49	181.63	44.28	131.99	275.87	155.1	31.94	167.09	44.02	81.16	78.38	184.23	45.63	132.47	282.37	157.13	32.6	164.64	43.02	80.3	77.08	181.27	44.06	130.44	275.51	154.57	31.57	166.61	43.83	80.74	77.43	182.92	45.38	130.68	278.16	155.35	32.41	2017674	1735114	5136407	4829110	1965930	6785927	282482	2759013	663294	86841098
2019-06-10	168.11	44.0	81.0	77.46	184.33	45.77	131.32	280.98	156.36	33.53	170.22	44.75	81.5	77.75	185.27	46.47	135.14	284.98	157.7	34.3	167.87	44.0	80.44	76.6	183.73	45.2	131.32	280.2	152.13	33.08	168.29	44.38	81.27	76.95	184.44	46.01	134.03	280.34	153.52	33.23	2257636	1818422	3927050	3969351	1524978	6405415	204555	2487726	1046926	97668791
2019-06-11	169.91	44.87	81.79	77.49	185.76	46.49	135.14	283.91	153.76	33.43	170.36	44.93	82.0	78.9	186.68	47.06	136.85	284.89	153.84	33.49	168.5	44.28	80.63	77.49	183.07	46.19	132.7	272.03	150.32	31.82	168.91	44.59	81.12	78.17	183.37	46.7	133.57	275.99	152.17	32.41	2227253	2520007	3905452	4210211	1423354	6679771	272202	2969720	1469249	82834914
2019-06-12	169.87	44.46	81.29	78.25	183.62	46.46	133.1	276.13	152.09	32.0	170.15	45.24	81.97	79.25	185.07	46.53	134.06	277.56	152.68	32.57	168.59	44.29	81.26	78.18	183.22	44.97	132.03	274.58	149.03	31.92	169.01	44.92	81.95	78.57	184.59	45.09	133.63	276.84	150.54	32.18	2166416	2170485	3332562	4165677	1402136	6155396	332905	1313852	796519	56298671
2019-06-13	169.36	45.16	81.98	78.93	185.87	45.45	134.44	278.59	150.66	32.39	169.9	45.66	82.33	79.2	186.1	46.11	135.96	278.96	152.7	32.5	167.87	44.99	81.75	78.3	184.24	45.08	132.57	275.92	150.19	31.06	168.85	45.3	82.29	78.95	184.95	46.05	135.51	276.3	150.61	31.39	2141467	1963666	5220434	2925049	1323687	6204668	198568	1696743	814796	63555986
2019-06-14	168.24	45.14	82.17	78.95	184.66	45.8	134.88	275.91	150.69	30.7	168.25	45.73	82.86	79.34	185.83	45.96	135.25	277.1	152.68	30.96	166.05	44.99	82.02	78.21	184.14	45.12	131.68	274.0	150.31	30.02	166.69	45.53	82.22	78.69	184.97	45.62	133.5	274.28	151.8	30.36	2719182	1582675	4771105	4075868	1864791	4629386	169227	2262838	769097	70373015
2019-06-17	167.1	45.55	82.39	78.4	185.0	45.7	133.27	274.63	152.52	30.25	167.43	45.8	82.58	79.05	185.33	45.95	134.29	277.47	153.84	30.45	166.46	45.33	81.67	78.4	183.78	45.0	131.37	274.63	151.66	29.18	166.78	45.41	82.05	78.65	183.9	45.07	131.81	275.6	151.74	29.2	1783368	1691588	4095932	3083163	1177874	7710006	214577	2254229	694267	70865743
2019-06-18	167.85	45.67	82.45	78.88	184.99	45.55	133.8	280.37	152.42	29.76	172.27	46.33	83.59	79.2	185.67	46.48	136.75	280.49	155.05	30.97	167.57	45.18	81.92	77.01	184.29	45.33	133.6	276.62	152.32	29.58	171.86	45.25	83.42	78.25	184.5	45.77	134.5	276.78	154.83	30.45	3623040	2038827	6252980	5433470	1972568	6838999	352845	4529340	1194778	86444542
2019-06-19	171.88	45.35	83.4	78.4	184.73	45.77	134.89	287.0	154.87	30.67	172.81	45.41	84.5	78.48	185.38	45.77	134.89	292.0	155.06	30.79	170.54	44.72	83.05	77.29	183.51	44.59	131.49	284.34	152.12	30.06	170.75	45.33	84.33	77.61	183.95	45.33	132.53	291.21	153.77	30.5	2777447	1210488	4113451	6147281	2023532	5441915	282076	9738584	1092557	63233939
2019-06-20	172.87	45.9	84.84	78.24	184.79	45.99	135.21	293.25	154.32	31.24	174.28	45.93	85.32	79.17	186.96	46.33	135.32	302.66	154.95	31.36	171.7	45.06	84.32	78.08	184.48	45.45	132.35	293.25	151.27	29.84	173.94	45.82	84.94	78.34	186.52	45.67	134.2	302.11	153.27	30.01	3064186	1525586	6436372	5346960	2121985	4574795	349527	5632525	874676	72418162
2019-06-21	173.75	45.84	85.36	78.15	187.1	45.53	134.0	301.46	153.61	29.65	174.56	46.19	85.36	79.08	187.31	45.94	135.2	304.0	154.11	30.35	172.63	45.49	84.41	76.43	185.19	45.19	133.23	299.09	151.76	28.97	173.35	45.97	85.0	78.78	185.56	45.91	134.17	299.33	153.24	29.1	4880902	2274070	8855471	10516967	3306585	7895535	318939	4015546	1054155	81861322
2019-06-24	173.35	46.07	84.78	78.41	186.07	45.64	135.01	300.0	153.86	29.32	174.34	46.52	85.33	79.31	187.15	47.21	137.04	302.58	153.86	29.4	173.34	45.83	84.64	77.85	185.58	45.64	133.51	298.69	151.66	28.67	173.38	45.87	84.71	78.45	186.11	47.15	135.4	299.87	152.33	29.26	2711904	1526667	4531625	5182709	1703151	7300048	515114	2869223	1134144	55724826
2019-06-25	173.25	45.84	84.94	70.47	186.52	47.07	135.45	299.21	152.94	29.26	173.39	46.24	85.45	70.67	186.66	47.49	135.8	300.65	156.22	29.72	171.28	45.72	84.24	65.06	184.48	45.66	133.41	287.0	151.92	28.8	172.03	46.09	84.24	65.7	184.9	46.2	133.63	287.97	154.5	28.86	2733265	1023399	4915464	90131820	1863549	8688594	264018	4638470	1346793	53680887
2019-06-26	172.35	46.18	84.05	67.24	185.63	46.36	134.3	291.26	153.69	29.98	173.24	46.4	84.37	68.41	185.93	47.47	135.73	292.76	153.92	30.48	171.72	45.85	82.63	66.8	183.31	46.21	133.57	288.7	149.2	29.78	171.88	46.18	82.96	68.0	183.31	46.73	134.54	288.72	149.93	29.92	1812226	1311456	5731370	42093838	2395277	5328656	302610	2896763	1237817	65064199
2019-06-27	172.51	46.33	83.39	68.16	178.8	47.09	135.23	290.04	150.09	30.41	172.79	46.68	83.98	70.6	183.11	47.57	135.5	294.67	153.03	30.96	170.65	45.95	83.07	68.1	177.99	46.52	133.63	290.04	149.17	30.21	171.5	46.08	83.69	70.0	183.0	47.28	134.25	293.23	151.71	30.74	1718539	1309654	4111620	22129152	3434646	6918586	362768	2596919	1028901	55623309
2019-06-28	171.85	46.27	83.82	70.58	184.23	47.5	134.6	294.5	151.98	31.08	174.37	47.31	84.26	72.74	185.5	47.73	138.51	295.1	154.45	31.11	171.77	46.09	83.12	70.33	182.87	46.56	134.16	291.95	151.4	30.33	173.34	47.16	84.1	72.72	184.77	47.2	137.91	294.65	154.14	30.37	3600970	3325518	16436946	21381518	2937898	15179139	563824	2648300	950036	50090925
2019-07-01	175.46	48.0	84.74	73.5	184.83	47.88	139.91	299.55	155.71	31.79	175.78	48.01	84.98	73.85	186.96	48.46	142.0	301.9	158.45	32.04	173.52	46.68	83.75	72.28	184.43	47.21	139.02	297.66	155.57	30.87	174.51	46.93	84.49	73.4	186.87	47.5	141.02	300.97	156.59	31.2	2107994	1596681	4533799	18105496	2404744	5124250	590498	2624198	1154519	60525532
2019-07-02	175.1	46.77	84.75	73.2	186.91	47.96	127.92	301.19	157.0	30.96	175.1	47.12	84.96	74.25	188.74	48.82	133.52	301.58	160.49	31.26	173.07	46.35	84.15	72.32	186.24	47.69	120.76	299.36	156.32	30.73	174.02	46.99	84.95	74.23	188.6	47.98	129.95	301.39	159.79	31.24	1555476	1525892	4023290	12864835	2123522	6683147	3462491	1816885	1393951	37721679
2019-07-03	174.17	47.11	85.05	74.35	189.33	48.05	130.01	302.0	159.51	31.13	175.04	47.11	85.65	74.97	190.97	48.79	136.74	305.86	161.63	31.33	172.93	46.54	84.92	73.78	188.1	47.73	129.9	301.29	158.67	30.74	174.98	46.79	85.64	74.96	190.97	48.66	135.17	305.7	160.63	31.19	1170675	816713	2437460	7434087	1106937	4024735	624195	1585273	588405	23462004
2019-07-05	173.0	46.5	85.16	74.65	189.92	48.33	133.81	304.01	160.14	30.88	173.28	47.07	85.5	74.79	191.74	48.35	134.89	305.24	161.01	31.56	169.73	46.1	84.64	72.61	188.25	46.64	127.1	298.93	159.25	30.75	172.0	47.01	85.42	72.99	191.39	48.15	130.69	303.98	160.62	31.5	1740696	825233	3784656	10854945	2111254	6379678	839888	2872770	604395	34011867
2019-07-08	169.92	46.63	85.28	72.52	191.06	47.8	129.83	302.76	160.6	31.8	170.48	46.7	85.28	73.0	191.14	47.91	132.93	303.11	163.23	32.15	168.77	45.05	84.69	70.88	189.86	46.23	129.36	300.13	158.11	31.26	169.19	45.21	85.09	71.22	190.31	46.47	131.47	302.92	158.19	32.04	2285513	1971479	3591105	13487378	1877198	7681059	555992	1909180	1588221	49689399
2019-07-09	166.82	45.21	84.96	71.18	189.07	46.17	130.63	300.56	157.77	31.76	167.45	45.5	85.37	72.45	191.15	46.71	131.73	305.13	158.88	33.18	164.29	44.65	84.82	70.89	189.07	45.73	129.27	300.22	154.03	31.71	165.7	45.06	85.27	71.24	191.09	46.37	129.98	304.2	155.5	33.15	4536143	2025645	3126024	11832511	1732512	4349870	432070	1644254	1040658	61419773
2019-07-10	166.19	45.19	85.68	71.58	191.51	46.9	130.71	305.1	155.59	33.56	167.32	45.25	85.88	71.74	192.09	47.37	131.28	309.32	156.81	34.03	165.57	44.14	85.15	70.96	190.98	46.57	127.41	305.1	154.59	33.36	165.7	44.77	85.38	71.65	191.71	46.84	127.95	306.98	156.43	33.79	2661694	1830910	4315910	9170420	1584398	4476191	523795	1954088	833650	60388439
2019-07-11	166.3	44.9	85.65	72.3	192.49	46.92	128.15	307.39	155.86	33.91	169.09	45.05	85.99	72.4	194.67	47.58	128.89	310.17	157.52	34.0	165.87	44.14	85.19	69.85	192.25	46.43	126.45	305.9	155.08	32.76	169.04	44.32	85.77	71.24	194.67	47.34	128.01	307.6	156.29	33.06	2815142	1590390	3653628	13001022	1922228	5206247	519420	1951519	970331	63081800
2019-07-12	170.1	44.39	85.28	70.3	195.0	47.63	128.71	308.01	156.24	32.76	173.36	45.5	85.44	70.3	196.23	47.67	131.51	309.7	159.11	33.39	169.25	44.12	83.06	68.54	193.82	47.04	128.53	304.96	155.89	32.59	173.34	45.19	83.92	70.28	196.21	47.2	130.64	309.42	158.58	33.21	3160670	1379378	5667227	12903111	2059365	3707625	433962	1624840	648576	51509682
2019-07-15	173.38	45.23	83.81	70.31	196.22	47.26	131.23	310.0	159.01	33.34	174.25	45.28	84.24	71.02	196.36	47.85	133.51	310.46	159.14	34.55	171.21	43.77	83.41	69.7	195.08	46.88	130.0	307.72	156.63	33.27	172.84	44.6	83.81	70.27	195.32	47.66	133.29	308.76	158.92	34.39	2187533	1646889	5177684	10253429	1267005	4361724	536364	1161681	487603	65565248
2019-07-16	172.75	44.68	84.11	70.15	195.15	47.61	133.01	308.0	158.87	34.3	177.25	45.28	84.24	70.3	195.6	47.66	134.92	308.46	162.71	34.86	172.72	44.29	82.9	69.13	193.38	46.66	132.78	305.07	158.87	33.8	176.49	45.2	83.16	69.16	194.25	46.99	132.93	305.7	161.76	33.85	3918853	1584525	3886747	10141634	1460054	4876920	419810	1838747	763611	66912699
2019-07-17	176.35	45.21	85.89	69.33	194.84	46.92	132.88	307.13	161.15	34.01	176.49	45.23	86.75	69.86	195.11	47.32	133.4	310.96	161.41	34.3	174.1	44.44	85.43	68.31	193.54	46.43	130.86	306.75	156.35	33.49	174.67	44.45	85.76	68.32	193.81	46.68	131.16	309.39	157.67	33.6	2947472	1851500	9381371	12205006	1557712	4791177	378857	2298481	1116096	42557903
2019-07-18	174.42	44.45	86.24	68.57	193.69	46.45	131.29	307.21	154.75	33.03	175.14	44.58	87.84	68.95	195.64	46.5	131.41	310.92	158.09	33.46	172.4	43.89	85.32	68.0	193.19	45.49	129.95	306.85	152.33	32.42	173.06	43.99	87.76	68.25	194.82	45.72	130.82	310.08	157.9	33.0	2223279	1427497	8311763	8573306	1562376	8158470	244029	1597673	1126864	58610857
2019-07-19	173.01	44.33	88.29	68.14	194.83	46.0	131.44	311.56	158.09	33.08	173.99	44.47	88.33	68.82	195.96	46.11	132.99	313.11	158.73	33.35	172.21	43.57	87.45	68.1	193.86	45.09	131.12	305.27	156.14	32.45	172.61	43.58	87.49	68.54	193.93	45.14	131.2	306.87	156.93	32.51	2360660	1550641	5824075	9806852	1583180	5514644	366562	2100253	965264	44617702
2019-07-22	172.81	43.59	87.36	68.5	194.65	45.33	131.51	308.39	157.28	32.8	175.21	44.09	88.71	68.75	195.4	45.6	132.3	309.92	160.17	33.31	172.13	43.27	87.27	67.84	194.31	44.81	130.59	307.14	157.24	32.74	174.64	43.41	88.07	68.0	194.44	45.57	131.07	308.55	158.9	32.85	2004610	1246820	6566074	9962079	1090004	3771763	333745	1336736	840769	37777312
2019-07-23	176.0	43.74	88.1	68.0	195.32	45.82	131.99	309.91	159.49	33.17	178.02	44.76	88.76	68.44	195.5	45.93	133.99	309.98	159.9	33.5	175.65	43.67	87.53	67.6	193.0	45.29	131.0	305.22	155.35	32.93	177.52	44.67	88.74	67.73	194.46	45.92	133.77	307.88	157.64	33.49	2360731	1966785	4049242	8025288	1111757	3774521	314725	1826893	894493	38532460
2019-07-24	176.93	44.6	88.45	67.77	194.0	45.71	133.15	305.81	157.64	33.64	180.29	45.23	88.69	67.89	194.55	46.99	135.81	310.73	159.22	34.36	176.26	44.51	87.59	66.76	192.88	45.69	132.42	305.81	157.07	33.45	179.42	45.14	88.59	67.46	194.47	46.86	135.17	310.27	158.5	34.11	3532346	1529091	3879139	12595252	1250881	3664420	277363	1459247	865491	41952256
2019-07-25	187.01	45.16	88.27	67.46	195.01	47.36	134.84	308.66	156.9	34.05	187.72	45.74	88.47	67.87	195.6	47.4	136.09	309.66	158.21	34.25	176.66	44.95	87.74	66.5	193.69	46.36	133.57	306.1	149.94	33.62	178.13	45.08	88.0	66.66	194.97	47.19	133.92	308.73	150.03	33.67	7362223	1488876	4671289	12403526	1531045	4353999	231914	1378470	1703208	36705616
2019-07-26	177.63	45.12	88.35	67.64	195.1	47.48	134.1	309.97	150.1	34.23	178.39	45.12	88.62	69.14	197.03	48.23	135.77	312.5	152.83	34.77	170.57	44.36	87.3	67.37	194.58	47.16	133.61	309.26	149.5	33.87	173.98	44.88	87.75	67.76	196.93	47.99	135.5	311.27	152.62	34.02	4016128	2323643	4177672	12259324	1255354	5839706	277911	1507922	881502	43502776
2019-07-29	173.83	44.75	88.06	67.87	197.0	48.0	135.1	311.94	152.29	34.14	177.62	45.08	88.62	68.41	197.47	48.53	135.47	311.94	153.42	34.18	173.66	43.68	87.38	66.88	196.2	47.08	133.61	301.48	150.94	32.98	176.76	43.82	88.55	67.18	197.35	48.45	134.86	307.22	153.04	33.48	2638931	3026804	3623930	10117256	1319729	4750861	222376	2778446	782579	45921978
2019-07-30	175.66	41.86	88.18	66.92	196.37	48.1	134.03	305.07	152.52	33.21	177.81	45.35	88.73	67.53	197.23	48.36	136.56	307.09	154.66	33.94	173.8	41.01	87.85	66.26	195.35	47.5	134.03	302.55	150.91	32.94	177.63	45.29	88.31	67.18	195.65	48.29	136.44	303.64	151.8	33.87	1978939	6616302	2864651	8143672	1143875	4904995	256312	2157952	875304	72198880
2019-07-31	177.65	45.4	88.18	66.91	196.06	48.79	136.63	303.61	151.65	32.08	178.02	46.44	88.4	67.38	196.39	49.93	137.44	304.95	152.48	32.3	173.4	44.46	86.37	65.63	190.51	48.38	133.93	295.11	149.71	30.3	174.72	45.45	87.1	66.62	192.58	48.74	134.22	298.86	150.64	30.45	3015762	5941479	6197159	11299984	1566043	8712326	322840	3066861	1057109	119190001
2019-08-01	174.79	45.45	87.18	66.93	193.33	48.93	134.41	299.15	150.52	30.5	177.67	45.78	88.06	67.2	197.22	51.24	135.64	304.99	153.52	31.48	173.03	43.38	85.64	65.11	193.23	48.81	130.56	296.77	149.72	29.1	173.36	43.69	86.08	65.8	194.16	50.19	130.97	298.44	149.95	29.86	2381294	2526889	7022041	13106724	1837094	10901779	335856	3210196	1460402	80878890
2019-08-02	172.86	43.5	85.95	65.5	194.47	49.8	130.98	295.57	149.6	29.48	172.92	44.14	86.2	65.79	194.47	51.35	131.89	297.35	150.04	29.73	169.81	43.17	84.74	65.03	190.5	48.65	129.68	289.42	145.71	28.94	170.55	43.74	85.82	65.35	193.01	49.02	130.76	293.71	145.78	29.44	2423102	1433388	4756375	9653852	1833142	9745008	288715	3400897	1212692	60410852
2019-08-05	168.95	42.91	84.73	64.98	189.58	47.87	128.12	285.04	142.95	28.26	169.02	43.67	84.88	66.12	191.0	47.95	128.91	286.87	143.4	28.49	164.42	42.54	82.42	64.54	184.23	45.52	126.2	276.78	139.96	27.65	164.71	43.65	83.16	65.23	185.55	46.1	127.56	280.36	143.16	27.99	2894657	4015152	6253772	11618789	2422017	10855082	328195	4292566	1604780	74333240
2019-08-06	164.82	43.8	83.81	65.27	186.67	47.45	128.49	283.63	143.09	28.86	165.48	44.92	84.89	65.84	189.56	47.59	131.12	286.99	146.11	29.05	162.9	43.61	83.68	64.29	186.51	46.38	127.96	282.5	141.63	28.2	163.71	44.9	84.86	64.77	188.81	46.59	130.87	286.21	145.64	28.86	3494834	2390284	4422511	10248732	2055580	7171514	182954	2552138	1593965	60578444
2019-08-07	162.0	44.45	83.8	64.38	187.21	46.11	128.84	282.24	144.41	28.47	163.95	45.57	85.0	64.9	189.36	48.23	130.78	290.26	145.31	29.28	158.04	44.11	82.31	63.31	184.4	46.1	128.5	282.0	142.21	28.37	163.64	45.41	84.6	64.46	188.87	48.1	130.32	289.02	144.04	29.19	5993166	3431402	5502629	10532126	2495136	7468459	245187	2196689	1523954	58577543
2019-08-08	164.37	45.47	85.11	64.79	190.0	48.41	131.36	292.75	144.9	31.53	165.49	46.07	86.27	65.45	194.28	49.57	133.44	297.87	146.62	34.27	163.55	44.81	85.01	64.33	189.38	47.91	131.36	290.2	144.09	31.48	164.22	45.91	85.56	65.45	194.18	49.33	132.38	297.78	144.43	33.92	3260527	2669786	6439311	7427587	1804069	8935876	397631	2506035	1291836	167278810
2019-08-09	164.54	45.86	85.63	65.37	193.61	48.76	131.32	296.14	144.54	33.45	164.75	45.96	87.05	66.87	193.68	49.09	131.42	298.27	146.94	35.55	162.03	45.3	85.43	64.29	190.21	47.11	127.96	292.15	143.21	33.08	163.47	45.53	86.62	65.58	191.48	48.06	129.31	294.83	144.33	34.19	1582093	1230488	5102717	10893502	1831838	10794030	189503	1451132	1332599	132483947
2019-08-12	163.02	45.38	86.39	65.24	191.48	47.73	128.18	293.14	143.4	34.16	164.78	45.63	86.51	65.48	191.89	48.35	128.56	294.42	145.35	34.65	161.55	45.14	84.33	64.08	189.32	46.95	125.66	287.41	140.81	32.08	162.1	45.5	84.66	64.53	190.0	47.08	126.04	288.65	142.16	32.43	1457357	1849180	3573460	5724400	1597453	6292119	158743	1580529	1649218	106936040
2019-08-13	162.56	45.52	85.32	64.86	188.76	46.99	125.66	288.23	130.8	32.36	167.88	46.83	87.1	65.93	193.02	48.37	131.59	295.5	144.06	33.14	162.15	45.37	84.98	64.64	188.76	46.47	125.26	286.39	130.09	31.72	164.88	45.57	86.89	65.01	192.88	48.13	128.34	293.17	142.23	32.11	3247304	1602677	4892696	7215089	2139683	5263316	299399	2346691	5911983	102579321
2019-08-14	162.5	44.96	85.88	64.5	190.4	47.09	125.87	287.6	138.24	31.0	162.87	45.1	86.31	64.99	191.39	47.27	126.36	289.65	140.46	31.05	158.67	44.54	83.91	63.5	186.81	45.0	123.32	281.43	135.44	29.51	158.81	44.85	83.94	63.5	186.97	45.26	123.55	283.66	136.49	30.24	4056102	2931227	4106212	9373304	2316494	9156176	226120	2585987	2424511	127521456
2019-08-15	158.06	45.22	84.16	64.12	187.35	45.53	123.71	285.64	137.21	30.63	159.7	46.26	84.73	64.24	190.23	45.73	123.75	286.49	138.27	30.73	155.63	44.86	83.52	62.66	186.7	44.91	120.31	280.86	135.46	29.21	156.84	46.1	83.94	62.98	189.56	45.51	121.65	282.71	137.5	29.67	4452733	2837904	4952562	9195726	1932571	6013685	248279	2338678	1960529	72606817
2019-08-16	157.84	46.42	84.74	63.51	191.12	45.94	122.57	285.58	137.73	30.31	161.91	46.89	85.08	64.81	193.66	47.17	125.45	290.15	139.69	31.48	157.45	46.25	84.27	63.07	190.47	45.79	122.01	283.32	136.43	30.21	161.5	46.27	84.78	64.43	193.22	46.66	123.99	287.45	136.59	31.18	3481777	2104649	5786292	8348143	2526872	5801282	237167	1981029	1277824	71588978
2019-08-19	163.71	46.84	85.79	65.04	195.0	47.55	126.15	291.32	138.0	32.0	163.95	47.36	86.13	66.88	196.29	48.3	126.94	291.77	138.26	32.19	161.78	46.29	85.33	64.97	194.52	47.28	124.65	287.17	135.22	31.42	162.95	46.6	85.56	66.56	195.18	47.92	125.0	287.97	136.35	31.48	3197998	2248341	4580027	9826314	1891034	5522828	348906	1956105	1287800	67781613
2019-08-20	163.11	46.48	85.95	67.38	195.11	47.67	124.69	287.97	136.44	30.94	163.11	46.69	86.01	68.46	195.98	49.04	124.77	288.66	137.85	31.31	160.96	46.12	84.48	66.33	193.12	47.5	122.9	285.4	135.3	30.45	161.01	46.18	84.54	66.41	194.2	48.8	123.51	285.71	135.38	30.72	2061691	1022650	3322371	12043422	1423474	5863315	177061	1491067	997286	48016381
2019-08-21	162.69	46.73	85.05	67.34	195.69	49.1	124.85	288.54	136.56	31.05	163.65	46.92	85.15	67.92	196.84	49.54	126.53	292.92	136.75	31.74	161.05	46.55	84.29	66.6	195.07	48.71	124.34	286.51	134.7	30.84	161.15	46.82	84.9	67.54	195.73	49.04	124.71	291.53	136.23	31.7	1623565	829762	3894903	7616572	1044737	4001823	183387	1520460	1344670	41635046
2019-08-22	162.0	46.99	84.92	67.87	196.46	49.29	125.28	292.57	136.65	31.76	162.93	47.14	85.31	68.03	196.97	49.29	126.11	292.9	138.55	31.92	160.15	46.12	83.64	66.81	194.27	48.33	124.26	285.12	136.08	30.98	160.88	46.46	84.37	67.52	196.34	49.08	125.55	287.69	137.5	31.9	1441603	877629	3206979	6496330	1160851	4002846	98309	1745838	1306672	47742174
2019-08-23	160.08	46.26	83.84	67.28	195.0	48.6	124.66	289.23	136.57	31.3	160.35	46.26	84.25	67.79	197.93	49.38	125.17	293.57	138.19	31.83	155.27	44.79	81.36	65.48	191.57	47.16	121.26	280.97	134.45	29.4	155.85	45.01	81.93	65.97	192.81	47.33	121.57	282.44	135.05	29.54	4224008	1543158	6228406	8905126	2290363	7126115	256277	2852522	1087959	83931683
2019-08-26	157.01	45.42	82.61	66.43	194.34	47.99	122.45	284.86	135.62	30.34	157.47	45.5	83.18	66.93	195.47	48.7	123.0	288.89	135.7	30.72	155.08	44.73	82.02	66.08	193.47	47.53	120.03	283.51	132.89	29.94	156.12	45.2	83.12	66.46	195.47	48.69	120.96	288.74	135.0	30.28	2215423	1061457	3521332	4841405	1642518	5200812	216600	1792971	900991	50858859
2019-08-27	157.33	45.35	83.82	66.67	196.02	50.5	122.23	290.66	135.82	30.6	157.48	45.46	84.2	66.98	197.4	52.22	122.23	291.85	137.13	30.89	155.4	44.47	83.22	65.49	195.24	49.96	119.54	286.53	134.87	29.6	155.75	44.48	83.65	65.67	197.16	51.09	120.71	289.45	134.89	30.2	2281142	1279045	4845581	7594454	1632696	18226103	211299	1793394	746835	53351711
2019-08-28	155.1	44.33	83.2	65.57	196.89	50.63	120.2	286.55	134.3	29.92	157.78	45.21	84.26	66.38	197.53	50.94	121.85	287.99	137.56	31.18	154.0	44.07	83.06	65.4	194.57	49.54	119.12	280.42	133.3	29.7	157.55	45.09	84.22	66.07	196.84	50.21	121.0	282.13	136.76	30.78	2352823	691543	3889475	6873885	1326231	7232411	199058	2776778	1800705	55896445
2019-08-29	159.3	45.59	85.0	66.73	198.0	51.0	122.44	285.71	138.04	31.47	161.03	46.3	85.11	67.03	199.91	51.43	125.67	287.7	140.74	31.83	159.05	45.34	84.47	65.96	197.44	50.26	122.44	283.62	137.78	31.33	160.36	46.13	84.82	66.22	198.74	50.96	125.22	286.63	138.07	31.45	3170688	802023	3758630	6012024	1494242	6268704	186460	2172535	1203813	44485479
2019-08-30	161.57	46.48	85.47	66.4	200.0	51.29	125.98	287.41	138.7	31.6	162.15	46.91	85.62	66.43	200.68	51.41	127.36	288.5	139.82	31.87	160.41	46.38	84.63	65.49	196.77	50.17	125.25	280.12	137.45	31.13	161.72	46.52	85.32	65.74	198.17	50.6	125.41	284.51	137.95	31.45	1967010	648896	3628594	6415479	2176628	5891610	221724	2373297	721325	40347321
2019-09-03	161.4	46.12	84.43	65.78	196.36	50.48	124.55	284.25	137.19	30.83	161.63	46.19	84.64	65.8	197.76	51.57	125.08	287.46	140.43	31.14	157.26	45.32	83.26	64.93	195.44	50.43	119.88	281.4	136.77	30.68	158.64	45.6	84.06	65.4	195.75	51.06	121.18	282.45	140.36	30.9	1835782	780552	4060563	7916689	1696454	6268898	294852	1838081	1002515	38080254
2019-09-04	159.83	46.12	84.5	65.67	197.83	52.06	123.05	286.04	141.57	31.32	160.63	46.46	84.7	66.42	198.36	53.61	124.76	286.25	142.31	31.83	158.99	45.82	83.78	64.44	197.37	52.01	122.92	282.46	138.51	30.85	160.07	46.3	84.22	66.38	197.71	53.5	124.6	284.6	141.89	30.95	1520739	637492	3673143	9620661	1250656	9989393	182835	1516136	1235234	46709780
2019-09-05	162.5	46.83	85.0	66.64	199.8	55.15	126.92	287.83	143.08	31.79	166.41	47.89	86.16	67.3	199.8	56.6	128.17	288.01	147.12	32.05	162.39	46.7	84.56	66.43	198.45	53.77	124.09	281.52	143.07	31.12	164.23	47.62	85.9	67.03	199.49	54.58	124.75	287.75	146.55	31.5	2421764	1085474	4356370	5602689	2216109	11780719	349283	2836385	770610	57932080
2019-09-06	164.64	47.86	86.23	67.26	200.0	54.67	124.59	288.2	146.89	31.5	164.88	48.13	86.43	68.12	202.8	55.01	126.13	289.59	147.67	31.51	162.95	47.56	85.6	67.0	199.04	54.26	123.21	283.96	146.32	30.48	163.94	47.81	86.04	67.62	201.12	54.58	125.84	284.94	147.21	30.56	1762386	1015019	4451256	7502477	2184065	7034027	332054	2273061	818158	51672982
2019-09-09	165.0	48.09	86.34	67.96	200.97	55.25	126.59	286.52	147.4	30.93	167.85	49.24	86.43	68.0	201.12	55.55	129.9	286.93	147.81	31.18	164.69	47.9	83.87	66.31	192.84	54.2	126.14	276.6	145.57	30.24	165.94	49.1	84.22	66.7	194.83	55.19	129.16	279.3	147.43	30.5	3091339	1223708	4444991	10310875	2702837	9138653	323505	3134613	1039922	54413163
2019-09-10	166.16	49.0	83.44	66.07	192.98	54.75	129.57	277.58	147.37	30.22	169.1	49.83	83.48	68.18	193.54	56.15	134.22	277.58	155.38	30.38	166.01	48.85	81.02	65.65	187.89	54.28	124.33	272.34	146.79	29.77	168.86	49.72	83.21	68.18	189.66	56.03	134.22	276.14	154.7	30.23	3240355	2429561	5613092	12155723	3630960	8427626	370136	4098222	1403209	48604766
2019-09-11	169.86	49.92	82.45	68.38	190.0	56.54	134.53	277.66	154.96	30.38	169.89	50.87	84.56	69.74	192.47	56.77	140.79	280.31	158.89	30.43	165.37	49.36	82.25	68.06	189.24	54.41	132.34	274.0	154.68	29.51	168.08	50.84	84.52	69.49	191.37	54.91	138.99	277.78	158.86	29.76	3579099	2260355	4458904	8369053	2430280	9687337	468803	2593970	1180096	50631683
2019-09-12	169.62	51.53	85.03	70.76	194.7	56.46	138.94	281.0	160.0	30.08	171.85	51.78	85.99	71.17	196.23	57.52	139.3	282.28	160.15	30.84	168.61	50.43	84.91	70.19	191.93	55.14	136.09	277.94	155.08	29.95	170.58	51.71	85.21	70.83	195.52	55.45	136.76	278.02	155.2	30.21	2870355	1648240	3517476	9560136	2122176	10921157	261253	2955024	1163436	53618344
2019-09-13	170.59	51.92	85.3	71.15	196.0	55.64	137.71	278.22	159.1	30.27	172.48	51.94	85.36	71.51	196.0	56.02	139.62	280.28	159.32	30.85	169.86	50.18	83.89	70.48	193.96	55.32	135.95	276.32	154.85	29.95	171.44	50.24	84.27	70.51	194.62	55.95	139.16	278.35	157.0	30.69	2534191	2247484	3633221	8135569	1592554	6401832	296091	2948590	996697	47758753
2019-09-16	171.21	49.94	83.91	70.37	193.37	55.18	138.24	276.62	156.0	30.37	171.21	50.01	83.91	70.96	195.22	55.94	139.5	283.05	158.26	31.15	167.91	48.62	83.03	69.72	193.01	55.17	136.98	275.3	155.7	30.26	169.67	48.75	83.36	70.58	194.16	55.78	138.43	282.93	156.07	30.83	2459306	2263548	3991210	5991952	1359991	6471327	224012	2774732	904941	52248540
2019-09-17	167.76	48.5	83.4	70.51	193.36	55.5	137.76	284.04	155.44	31.07	168.57	49.31	84.5	72.09	195.79	55.72	137.76	285.3	157.0	31.32	166.5	48.08	83.21	70.36	193.36	54.77	134.37	280.36	153.74	30.74	168.07	49.16	83.58	71.6	194.95	55.35	135.18	284.69	156.07	30.99	2742017	1487117	3600036	9028483	1465897	6980832	223238	4541202	841974	35125750
2019-09-18	167.61	48.98	83.58	71.68	194.18	55.21	134.09	275.35	155.91	30.75	168.05	49.25	84.16	71.82	194.59	55.23	134.78	280.29	156.37	30.89	165.25	48.09	82.85	70.81	191.54	54.13	132.38	270.02	152.57	29.88	167.44	48.8	83.64	71.27	194.13	55.12	134.12	279.72	153.79	30.42	2190557	945974	3053448	6260908	1895580	5453088	252293	7479171	668306	47277309
2019-09-19	167.39	48.89	83.83	71.4	194.48	55.43	134.47	280.17	153.73	30.57	168.81	49.07	84.25	71.91	196.13	55.56	135.97	284.37	154.56	30.96	166.91	48.36	83.1	71.21	194.22	54.71	133.09	279.83	152.31	30.14	167.07	48.49	83.23	71.67	194.67	55.01	134.87	281.26	152.8	30.29	1631552	971413	3416654	5551714	1578574	4569363	163441	3171211	713468	41930831
2019-09-20	167.43	48.59	83.51	72.0	195.05	55.04	135.36	281.6	152.93	30.36	169.17	48.73	83.88	73.0	196.23	55.48	137.65	283.2	156.8	30.47	166.48	47.36	82.87	72.0	192.45	54.52	135.11	274.95	152.69	29.65	166.76	47.48	83.58	72.39	193.09	54.76	135.57	277.91	155.69	30.05	3712913	1972642	7183000	13097276	2654578	7505581	454139	4160719	1056104	83555555
2019-09-23	165.49	47.0	83.43	72.33	192.33	54.47	134.93	275.93	156.55	30.12	167.43	47.96	83.72	73.78	193.94	54.74	138.05	279.58	161.57	30.8	164.5	46.86	83.13	72.05	192.01	53.67	133.93	275.41	155.78	30.07	166.76	47.77	83.16	72.93	192.84	54.18	137.17	277.44	161.22	30.64	2114937	868108	2522669	8256069	1669831	4539727	248486	2068852	1251437	45185837
2019-09-24	167.05	47.95	83.66	73.83	194.44	54.61	135.72	279.58	162.48	30.54	167.55	48.24	84.03	73.83	195.87	54.63	136.9	280.7	163.61	30.75	164.16	46.9	82.22	72.17	189.78	53.41	130.31	271.08	158.72	29.29	164.74	47.36	82.44	72.95	190.14	53.96	130.61	272.47	159.22	29.52	3052313	912138	3771198	8228291	2964087	8340328	423778	3351591	1264094	73220942
2019-09-25	164.76	47.37	82.4	72.88	191.6	53.89	130.43	271.9	159.22	29.48	164.98	48.03	83.05	73.24	192.0	55.04	133.86	277.71	162.67	29.65	163.69	47.13	82.1	72.02	188.71	53.58	130.1	267.73	158.88	28.55	164.0	47.98	82.86	72.09	190.87	54.94	130.2	277.43	162.28	29.54	2788159	776471	3575351	5937916	2841660	5196544	871611	3452563	806357	58691579
2019-09-26	164.0	47.82	83.28	72.95	188.06	54.72	131.13	278.46	162.07	29.67	164.41	47.92	83.38	74.46	193.34	55.07	132.9	285.9	162.07	29.77	162.8	47.16	82.09	72.62	187.28	54.16	130.31	277.01	158.5	29.0	163.83	47.49	82.66	74.03	192.12	54.22	130.66	283.81	160.38	29.47	2784498	1020000	3270341	10348483	3729686	6575900	1029051	4325923	730414	41182228
2019-09-27	164.48	47.69	83.04	74.21	193.56	54.21	131.92	284.63	161.13	29.17	165.64	47.96	83.34	75.14	193.58	54.72	133.12	284.98	162.42	29.77	163.52	47.04	81.42	73.92	190.39	52.05	129.26	274.12	160.45	28.35	164.53	47.66	81.84	74.85	191.38	52.33	132.29	277.54	161.68	28.72	2870298	916850	3396617	7677754	2012577	7801124	567319	3168377	531882	54144672
2019-09-30	165.21	47.95	82.19	74.95	191.49	52.6	132.03	277.54	161.64	28.89	165.57	48.1	84.39	76.44	193.35	53.0	135.78	279.0	165.97	29.05	163.94	47.52	82.19	74.95	191.41	52.31	132.03	275.14	161.46	28.36	164.4	47.71	83.67	75.72	192.35	52.92	134.79	276.25	165.4	28.99	2574771	971378	4352936	8339264	2027320	7438370	527904	4077253	991723	40332052
2019-10-01	165.0	48.1	84.03	75.89	192.6	53.34	135.73	278.99	165.59	29.05	165.21	48.87	84.77	76.03	193.37	53.55	137.03	279.65	167.64	29.54	158.17	46.77	81.77	72.94	189.41	52.24	129.0	271.87	163.94	28.64	158.38	46.81	81.84	73.23	189.62	52.9	129.46	272.71	167.29	28.76	3283467	719321	4687196	10931304	2074618	9247348	484683	3311550	1087232	37366072
2019-10-02	157.06	46.23	81.4	72.89	188.34	51.9	106.4	271.18	166.27	28.5	157.22	46.38	81.55	73.0	188.65	52.54	117.39	271.18	166.87	28.85	154.63	44.88	78.77	71.57	182.89	50.25	105.95	265.19	161.95	28.03	155.65	45.19	79.53	72.13	184.85	52.25	114.97	266.66	162.96	28.31	3046851	1664995	5765387	8394449	2945581	13592895	3258775	3400605	975433	44048752
2019-10-03	155.14	45.0	79.25	72.06	185.32	52.19	115.69	266.92	162.6	28.28	155.46	45.1	81.13	73.94	186.09	54.77	120.86	272.8	162.79	28.78	150.81	44.11	78.77	72.04	182.85	52.07	115.65	263.85	158.26	27.43	155.23	45.0	81.07	73.85	185.81	54.07	120.13	272.4	159.86	28.68	3089563	1557931	4123671	6281735	2225685	14694844	1149842	3652220	921428	56905408
2019-10-04	155.23	45.04	81.3	74.22	186.81	54.75	120.18	273.11	159.54	28.83	156.05	45.6	82.32	75.06	189.82	55.49	121.27	278.08	160.61	29.06	154.4	44.99	81.29	73.95	186.1	54.55	117.99	273.11	157.2	28.57	155.82	45.51	81.99	74.66	189.64	55.44	121.15	276.96	159.94	29.01	2648859	1447906	3399904	7012604	1582556	8782953	586878	2583298	749702	34609211
2019-10-07	155.0	45.26	81.4	74.72	188.29	55.06	120.85	276.32	159.09	28.9	155.35	45.98	81.98	75.27	188.7	55.89	122.12	278.49	160.37	29.63	153.52	45.07	80.97	74.08	186.79	54.56	119.33	275.59	157.1	28.84	153.52	45.13	81.04	74.33	186.81	55.41	119.47	276.9	158.27	28.93	2522123	1311346	2720080	5802437	1651509	6623619	416176	1856382	1209258	39745268
2019-10-08	152.33	44.82	80.56	73.88	185.41	54.75	118.0	274.46	156.6	28.55	152.8	45.76	80.56	74.75	185.72	55.3	119.1	275.41	156.89	28.64	150.58	44.75	78.51	73.42	182.0	54.1	116.24	270.8	153.25	27.92	150.74	45.24	78.51	73.53	182.2	54.13	117.13	270.83	154.33	28.23	2822012	1337685	6136655	6238279	2283676	7335792	464535	2162370	920513	44432078
2019-10-09	152.34	45.59	79.31	74.07	183.79	53.76	118.67	273.52	154.61	28.8	152.44	45.69	79.81	74.62	185.3	54.75	119.83	275.55	155.38	28.95	150.79	44.95	78.88	73.25	183.22	53.2	117.41	272.86	153.25	28.35	150.99	45.46	79.5	73.3	184.34	53.43	118.62	274.27	154.41	28.46	3434926	1005331	4028805	5859023	1795494	9079005	267327	1376725	643193	36321583
2019-10-10	150.95	45.46	79.09	73.22	183.83	52.93	118.86	274.06	154.6	28.52	153.09	46.67	80.46	74.63	184.87	53.84	121.82	276.71	156.42	28.89	150.87	45.46	79.07	73.2	182.6	51.45	118.61	272.79	153.82	28.0	152.31	46.34	80.14	74.45	183.83	53.69	120.03	274.98	155.95	28.38	3201645	1044395	5226790	7452412	2145784	8790451	352739	1634808	732871	41171995
2019-10-11	154.13	47.08	80.73	73.97	185.71	54.35	122.55	278.37	157.51	28.83	159.6	48.52	81.33	74.34	187.71	55.38	124.23	281.27	160.0	30.2	154.11	47.04	79.55	73.57	184.74	54.15	121.74	277.63	157.4	28.81	158.1	47.99	79.63	73.63	184.97	54.82	122.02	278.29	158.56	29.75	4686467	1266427	4426053	7178535	2385165	8632567	339211	2098200	699370	66632445
2019-10-14	158.04	47.63	79.69	73.65	185.36	54.35	121.43	278.11	158.14	29.71	162.39	48.02	80.19	74.17	186.33	55.2	123.05	279.42	159.23	30.61	157.34	47.35	79.42	73.39	184.22	54.01	121.32	277.15	157.09	29.38	160.51	47.73	79.82	73.76	185.5	55.01	122.04	277.78	157.32	30.53	3283072	751294	4288657	5120718	1350313	5969793	229072	1377172	436294	44818233
2019-10-15	159.35	47.73	80.7	74.2	185.82	55.15	122.71	278.17	158.74	30.7	164.02	48.59	82.75	74.98	187.38	55.6	125.44	281.51	161.24	30.92	159.35	47.47	80.7	73.8	185.56	54.16	122.34	278.02	157.15	30.17	162.98	48.45	81.98	74.5	187.0	55.56	124.77	279.39	159.73	30.72	3103740	927275	6491553	6173620	1466912	6878469	442851	1969235	621206	42142385
2019-10-16	163.1	48.28	81.36	74.38	184.59	55.4	120.34	270.23	159.21	30.6	164.2	48.98	83.69	74.98	186.99	55.94	124.09	272.81	164.34	31.41	162.12	48.28	79.65	74.34	184.16	55.14	119.6	267.51	159.2	30.53	162.18	48.81	81.78	74.75	186.57	55.59	123.26	272.7	162.75	30.81	1951970	1405044	10764635	8411839	1925404	5764574	473361	4333191	874246	43064255
2019-10-17	163.14	49.25	81.52	74.99	186.96	56.0	124.49	272.61	162.5	31.3	165.49	50.19	83.0	76.18	187.33	56.46	125.2	274.12	164.71	31.4	163.08	49.25	81.47	74.65	185.16	55.51	121.9	267.15	161.25	30.86	163.54	50.02	82.38	75.14	186.04	55.59	123.2	269.24	163.75	31.14	1984704	1002227	4177661	7358594	1491370	5995260	346692	3414775	731658	37010205
2019-10-18	163.56	50.1	82.41	75.24	186.87	55.66	122.68	269.36	163.52	31.06	164.27	51.05	83.32	77.17	188.13	55.69	124.3	269.68	164.74	31.33	162.98	49.76	82.03	75.21	186.61	53.38	122.14	262.1	160.72	30.29	163.1	51.01	82.79	76.46	187.08	54.54	122.93	265.52	163.5	30.97	2693736	1783821	5219831	9481182	2896692	8531046	297153	4391844	642852	39711244
2019-10-21	165.47	51.41	83.14	76.88	186.95	55.25	123.85	265.63	164.53	31.5	166.15	51.78	83.28	77.85	187.54	55.82	125.29	267.43	166.35	32.26	164.76	50.82	81.52	75.85	185.39	54.73	123.36	262.57	163.99	31.41	165.94	51.1	81.65	77.3	187.34	55.51	123.86	266.84	166.03	32.03	2011631	1467706	5589203	7882560	1347967	5946880	300113	2930534	665179	52648067
2019-10-22	166.27	51.15	81.81	78.05	187.27	55.67	124.0	268.49	166.4	32.06	168.91	52.03	82.28	78.66	188.11	55.72	126.87	269.28	167.25	32.15	165.1	50.4	80.5	77.75	182.34	54.49	122.68	260.64	164.13	31.5	167.54	51.74	80.54	77.87	182.72	54.52	125.47	261.09	165.98	31.51	2085530	1357957	4821412	6863955	1773966	4491840	347209	3412660	578266	36860307
2019-10-23	167.41	51.57	80.69	77.79	182.39	54.56	125.26	261.0	165.25	31.09	168.76	51.7	81.6	78.02	184.84	55.33	127.6	265.52	166.68	31.65	166.56	50.52	80.41	77.19	181.97	54.35	125.19	259.57	163.26	30.83	168.76	50.85	81.27	77.75	184.07	54.8	127.28	261.32	165.12	31.36	2717458	1195439	4339658	6195542	2276462	3368286	304799	3079754	702951	26858110
2019-10-24	165.16	51.03	81.59	77.84	185.05	55.18	127.86	264.04	168.44	31.58	165.25	51.16	82.09	77.89	187.02	55.74	127.87	271.46	170.55	31.86	159.63	50.35	81.21	76.25	184.65	54.62	123.66	263.25	166.3	31.34	161.89	50.92	81.36	76.8	185.0	55.44	124.29	269.7	166.81	31.72	5959562	723424	4482374	6332465	2017655	5700614	401184	3597687	1254235	28448977
2019-10-25	162.51	50.71	81.45	76.39	184.67	56.21	124.79	267.8	166.5	31.9	167.63	51.64	81.97	76.79	184.83	56.28	126.09	271.61	169.69	32.86	162.13	50.71	81.08	76.22	183.02	55.02	124.3	267.02	165.34	31.83	166.09	51.07	81.65	76.53	183.07	55.26	124.9	270.98	165.56	32.71	3104753	1166764	4872822	5497019	1389245	6320240	188799	1822271	643134	45368837
2019-10-28	166.48	51.09	81.8	76.67	184.41	55.99	125.51	271.58	165.96	33.16	169.71	51.48	82.89	78.38	185.93	56.18	128.31	272.29	167.97	33.91	166.2	50.37	81.76	76.49	182.56	54.21	125.51	268.38	165.23	33.15	169.06	51.35	82.66	78.33	182.87	54.56	127.55	271.35	166.41	33.69	3138032	2195936	4768781	7146382	1832708	7507573	282135	2281861	978941	51223609
2019-10-29	168.03	49.5	82.45	78.11	182.55	54.47	126.6	271.68	166.27	33.73	169.95	50.67	83.87	78.74	185.75	54.63	128.71	273.72	166.92	33.9	167.51	48.82	82.29	77.59	182.37	53.62	126.35	271.06	163.99	32.7	168.81	49.23	83.45	78.47	184.8	54.0	127.98	271.45	164.35	33.03	2669380	3869584	4614858	6391548	1553999	5680034	361124	1723508	657543	78700076
2019-10-30	168.23	48.69	83.32	78.51	185.15	55.25	128.0	273.25	163.99	32.93	168.57	50.6	84.09	79.79	187.04	55.95	129.03	278.65	165.55	33.34	167.03	48.48	82.9	78.01	184.29	54.41	125.85	272.61	162.8	32.03	168.37	50.38	84.01	79.66	186.58	55.87	128.63	278.41	163.97	33.13	1780351	1725353	3534803	7222450	1243282	8537516	320790	2320773	721607	78228769
2019-10-31	168.51	50.42	83.77	79.71	186.16	55.93	128.4	278.27	163.84	32.98	168.56	50.42	84.35	79.74	188.06	56.07	128.6	279.32	164.17	34.34	163.55	49.21	82.92	78.74	184.34	54.74	123.81	275.31	161.06	32.82	164.99	49.68	83.61	79.55	185.42	56.03	124.79	277.93	162.48	33.93	2653140	2141595	4614003	10009371	1574829	6621587	299439	2845383	826641	67881623
2019-11-01	166.94	50.18	84.09	80.03	186.7	56.21	126.24	279.14	163.01	34.37	170.15	50.51	84.29	82.18	188.35	57.43	127.33	281.83	166.33	35.0	166.72	49.82	82.61	79.13	186.11	55.46	125.61	277.27	162.46	34.1	170.09	50.28	82.66	81.75	188.22	55.82	125.99	277.82	164.82	34.89	2467439	1265279	5119148	13356251	1502137	10202913	286586	2827222	677808	64238609
